,,,"﻿最高氣溫 (攝氏度) - FТ
Maximum Temperature (°C) - Sha Tin""",,"﻿最低氣溫 (攝氏度) - FТ
Minimum Temperature (°C) - Sha Tin""",,"﻿平均氣溫 (攝氏度) - FТ
Mean Temperature (°C) - Sha Tin""",,"* 2019/6/12, 2019/6/16,2022/6/12, 2022/6/15 No data"
年/Year,月/Month,日/Day,數值/Value,數據完整性/       data Completeness,數值/Value,數據完整性/    data Completeness,數值/Value,數據完整性/  data Completeness,
2019,1,1,16.8,C,9.3,C,12.7,C,
2019,1,2,15.7,C,11.8,C,13.4,C,
2019,1,3,16,#,12.9,#,14.3,C,
2019,1,4,21.1,C,16,C,18.7,C,
2019,1,5,22.6,C,17.7,C,19.9,C,
2019,1,6,19.7,C,16.4,C,17.5,C,
2019,1,7,19.8,C,17.1,C,18.3,C,
2019,1,8,20.3,C,18,C,19,C,
2019,1,9,19.7,C,16.7,C,17.7,C,
2019,1,10,21.7,C,17.1,C,19.2,C,
2019,1,11,24.3,C,17.6,C,20.5,C,
2019,1,12,26.4,C,18.1,C,21.5,C,
2019,1,13,19.3,C,17.3,C,18.2,C,
2019,1,14,19.9,C,17.4,C,18.4,C,
2019,1,15,22.5,C,17.1,C,18.9,C,
2019,1,16,18.7,C,14.7,C,16.5,C,
2019,1,17,20.3,C,13.2,C,16,C,
2019,1,18,17.8,C,14.5,C,16.4,C,
2019,1,19,22.4,C,16.6,C,18.9,C,
2019,1,20,25.2,C,17.3,C,20.5,C,
2019,1,21,19.7,C,15.3,C,17.1,C,
2019,1,22,19.2,C,11.7,C,14.8,C,
2019,1,23,19.9,C,9.3,C,14.3,C,
2019,1,24,20.4,C,11,C,15.6,C,
2019,1,25,24.6,C,12.2,C,17.4,C,
2019,1,26,22.7,C,13,C,17.2,C,
2019,1,27,20.1,C,14.6,C,16.5,C,
2019,1,28,21.5,C,13.3,C,17.2,C,
2019,1,29,21.1,C,12.6,C,17.3,C,
2019,1,30,22.7,C,15.3,C,19.1,C,
2019,1,31,26.7,C,16.7,C,21.4,C,
2019,2,1,21.5,C,16.4,C,17.7,C,
2019,2,2,20.9,C,16.5,C,18.2,C,
2019,2,3,26,C,18.2,C,21.5,C,
2019,2,4,26.5,C,16.8,C,20.5,C,
2019,2,5,24,C,17.9,C,20.4,C,
2019,2,6,26.7,C,19.7,C,22.6,C,
2019,2,7,27.4,C,19.4,C,22.6,C,
2019,2,8,26,C,18.3,C,20.3,C,
2019,2,9,20.3,C,18.1,C,19.1,C,
2019,2,10,18.8,C,17.1,C,17.9,C,
2019,2,11,18.8,C,15.8,C,17.3,C,
2019,2,12,22.1,C,15.7,C,18.4,C,
2019,2,13,24.7,C,17.3,C,20.6,C,
2019,2,14,24.1,C,18.4,C,20.4,C,
2019,2,15,22.9,#,18.7,#,20.4,C,
2019,2,16,27.9,C,18.5,C,21.9,C,
2019,2,17,19.9,C,17.6,C,18.5,C,
2019,2,18,19.1,C,16.3,C,17.6,C,
2019,2,19,24.3,C,18.2,C,20.8,C,
2019,2,20,26.2,C,21,C,23.1,C,
2019,2,21,25.1,C,20.5,C,21.8,C,
2019,2,22,23.5,#,17.9,#,20.6,C,
2019,2,23,19.4,C,14,C,17.2,C,
2019,2,24,18.1,C,12.3,C,15.5,C,
2019,2,25,18.3,C,14.7,C,16.8,C,
2019,2,26,19.5,C,16.5,C,18.4,C,
2019,2,27,23.8,C,18.6,C,20.7,C,
2019,2,28,27.4,C,19.7,C,22.7,C,
2019,3,1,22.4,C,19.5,C,20.5,C,
2019,3,2,22.8,C,19.6,C,21.2,C,
2019,3,3,24.4,C,19.3,C,21.2,C,
2019,3,4,23.1,C,18.1,C,20.2,C,
2019,3,5,26.2,C,17.8,C,22.2,C,
2019,3,6,21.8,C,19.5,C,20.4,C,
2019,3,7,19.9,C,15.8,C,17.1,C,
2019,3,8,16.9,C,15.2,C,16.3,C,
2019,3,9,18.3,#,16.8,#,17.5,C,
2019,3,10,17.6,C,16.1,C,17,C,
2019,3,11,22.5,C,14.8,C,17.5,C,
2019,3,12,24,C,13.8,C,18.7,C,
2019,3,13,23.9,C,16.6,C,20.3,C,
2019,3,14,21.5,C,18.2,C,20.1,C,
2019,3,15,18.6,C,17,C,17.9,C,
2019,3,16,22.6,C,17.7,C,20.2,C,
2019,3,17,21.8,C,19.7,C,20.7,C,
2019,3,18,23.9,C,19.3,C,21.1,C,
2019,3,19,28.2,C,18.5,C,22.9,C,
2019,3,20,25.7,C,21.8,C,23.4,C,
2019,3,21,28.3,#,21.9,#,25,C,
2019,3,22,28.2,C,23.3,C,25.5,C,
2019,3,23,23.8,C,15.9,C,19.1,C,
2019,3,24,17.9,C,15.2,C,16.7,C,
2019,3,25,23,C,17.3,C,19.8,C,
2019,3,26,24.5,C,20,C,21.4,C,
2019,3,27,25.5,C,20.4,C,22.3,C,
2019,3,28,28.2,C,21.4,C,24.5,C,
2019,3,29,27.4,C,22.4,C,24.5,C,
2019,3,30,23.1,C,21.8,C,22.5,C,
2019,3,31,23,C,20.5,C,21.6,C,
2019,4,1,21.4,C,19.5,C,20,C,
2019,4,2,22.2,C,18.9,C,20.5,C,
2019,4,3,25.4,C,20,C,22.3,C,
2019,4,4,23.7,C,20.2,C,21.3,C,
2019,4,5,29.3,C,19.1,C,23.8,C,
2019,4,6,29.4,C,19.5,C,24.5,C,
2019,4,7,28.9,C,22,C,25.6,C,
2019,4,8,29.7,C,24.1,C,26.7,C,
2019,4,9,29.7,C,25.5,C,26.9,C,
2019,4,10,30.4,C,24.9,C,27,C,
2019,4,11,30,C,23.1,C,26.6,C,
2019,4,12,23.4,C,20.5,C,21.7,C,
2019,4,13,22.6,C,20.4,C,21.2,C,
2019,4,14,24.6,C,22.3,C,22.9,C,
2019,4,15,22.9,#,20.4,#,21.9,C,
2019,4,16,22.9,C,19.5,C,20.9,C,
2019,4,17,26.6,C,19.7,C,23,C,
2019,4,18,24.9,C,21.9,C,23.9,C,
2019,4,19,29.7,C,20.9,C,23.5,C,
2019,4,20,25.5,C,22,C,23.4,C,
2019,4,21,29.9,C,22.5,C,26.3,C,
2019,4,22,30.9,C,24.9,C,27.6,C,
2019,4,23,30.9,C,25,C,27.7,C,
2019,4,24,31.1,C,25.7,C,27.9,C,
2019,4,25,31.2,C,26.2,C,28.4,C,
2019,4,26,31.9,C,24.9,C,27.9,C,
2019,4,27,26.3,C,21.8,C,24.7,C,
2019,4,28,26.6,C,22.7,C,24.5,C,
2019,4,29,29.7,C,24.1,C,26.7,C,
2019,4,30,29,C,25.3,C,26.7,C,
2019,5,1,27.5,#,22.5,#,25.2,C,
2019,5,2,23.9,C,20.8,C,22,C,
2019,5,3,23.4,C,18.4,C,21.6,C,
2019,5,4,24,C,20.6,C,22.4,C,
2019,5,5,22.2,C,20.6,C,21.6,C,
2019,5,6,22.9,C,20.4,C,21.9,C,
2019,5,7,21.4,C,19.4,C,20.6,C,
2019,5,8,21.7,C,19.8,C,20.6,C,
2019,5,9,26.2,C,19.9,C,22.8,C,
2019,5,10,27.5,C,22.6,C,24.5,C,
2019,5,11,29.7,C,21.6,C,25.6,C,
2019,5,12,28.9,C,22.2,C,25.5,C,
2019,5,13,26.5,C,23.9,C,25,C,
2019,5,14,32.2,C,24.9,C,28,C,
2019,5,15,31,C,26,C,28.5,C,
2019,5,16,31.8,C,27.8,C,29.2,C,
2019,5,17,31.5,C,28.2,C,29.4,C,
2019,5,18,32.9,C,28.5,C,30.1,C,
2019,5,19,33,C,29,C,30.6,C,
2019,5,20,33,C,23.8,C,28.9,C,
2019,5,21,26.6,#,22.7,#,24.8,C,
2019,5,22,29,C,22.6,C,25.7,C,
2019,5,23,26.7,C,24.4,C,25.5,C,
2019,5,24,25.7,C,23.8,C,24.9,C,
2019,5,25,30.5,C,25.3,C,26.9,C,
2019,5,26,29.5,C,24.9,C,26.6,C,
2019,5,27,27.9,C,25.2,C,26.3,C,
2019,5,28,27.4,C,24.2,C,25.8,C,
2019,5,29,25.6,C,23.4,C,24.5,C,
2019,5,30,25.8,C,23.2,C,24.4,C,
2019,5,31,27.8,C,24.6,C,25.8,C,
2019,6,1,30.7,C,24.6,C,27.2,C,
2019,6,2,31.4,C,24.8,C,27.2,C,
2019,6,3,29.9,C,25.2,C,27.4,C,
2019,6,4,32,C,25.9,C,28.1,C,
2019,6,5,32.5,C,25.7,C,29,C,
2019,6,6,33,C,26.6,C,29.8,C,
2019,6,7,33.2,C,27.2,C,29.9,C,
2019,6,8,32.5,C,28,C,30.1,C,
2019,6,9,32.5,C,28.8,C,30.2,C,
2019,6,10,31.9,C,24.4,C,28.8,C,
2019,6,11,26.4,#,25.5,#,25.9,#,
2019,6,12,***,#,***,#,***,,
2019,6,13,31,#,26,#,27.7,#,
2019,6,14,32.5,C,25.6,C,28.4,C,
2019,6,15,31.6,#,23.4,#,27.6,#,
2019,6,16,***,#,***,#,***,,
2019,6,17,29.7,#,27.1,#,28,#,
2019,6,18,31.2,C,26.8,C,28.6,C,
2019,6,19,32.8,#,26.4,#,28.9,C,
2019,6,20,33,C,26.5,C,29.8,C,
2019,6,21,33.1,C,28.7,C,30.6,C,
2019,6,22,32.8,C,28.4,C,30.5,C,
2019,6,23,31.8,C,29.2,C,30.3,C,
2019,6,24,31.2,C,24.7,C,28.5,C,
2019,6,25,30.6,C,24.4,C,26.9,C,
2019,6,26,31.5,C,26.1,C,28.4,C,
2019,6,27,33.4,C,27.3,C,30.2,C,
2019,6,28,32.7,C,28.5,C,30.3,C,
2019,6,29,33.9,C,28.5,C,31,C,
2019,6,30,33.9,C,27.6,C,29.8,C,
2019,7,1,32.6,C,27.5,C,30,C,
2019,7,2,32.2,C,25.9,C,29,C,
2019,7,3,28.6,C,25.6,C,26.6,C,
2019,7,4,32.1,C,26.4,C,28.8,C,
2019,7,5,32.2,C,26.2,C,29.4,C,
2019,7,6,31.7,C,28.1,C,29.7,C,
2019,7,7,31.5,C,28.3,C,29.9,C,
2019,7,8,32.8,C,29,C,30.4,C,
2019,7,9,31.8,C,27.7,C,29.8,C,
2019,7,10,30.4,#,26.2,#,28.3,C,
2019,7,11,31.6,#,26.2,#,28.3,C,
2019,7,12,32.5,#,27.1,#,29.9,C,
2019,7,13,31.8,#,28.8,#,30,C,
2019,7,14,32.3,#,29.1,#,30.2,C,
2019,7,15,34,#,27.3,#,30.4,C,
2019,7,16,34.2,#,26.9,#,30.3,C,
2019,7,17,35,#,26.9,#,30.8,C,
2019,7,18,35.3,C,27.7,C,31,C,
2019,7,19,33.8,#,26,#,29.1,C,
2019,7,20,32.1,#,26.1,#,28.6,C,
2019,7,21,31.9,#,26.9,#,29.5,C,
2019,7,22,32,#,27,#,29,C,
2019,7,23,32.5,C,26.3,C,29.1,C,
2019,7,24,33.1,C,26.8,C,29.5,C,
2019,7,25,33.3,C,27.6,C,30.2,C,
2019,7,26,33.6,#,27.5,#,30.9,C,
2019,7,27,34.2,#,29,#,31.1,C,
2019,7,28,32.4,#,25.8,#,28.6,C,
2019,7,29,30.9,#,25.2,#,28.1,C,
2019,7,30,32,C,27.6,C,29.6,C,
2019,7,31,29,#,24.6,#,27.1,C,
2019,8,1,28.4,#,25.4,#,27.2,C,
2019,8,2,29.2,#,25.7,#,27.6,C,
2019,8,3,28.1,#,25.2,#,27,C,
2019,8,4,31.6,#,27,#,28.6,C,
2019,8,5,33.9,#,26,#,29.8,C,
2019,8,6,32.2,#,28.6,#,29.9,C,
2019,8,7,34,#,26.5,#,30,C,
2019,8,8,36.2,#,26.4,#,31.3,C,
2019,8,9,37,#,28.4,#,32.3,C,
2019,8,10,34.5,C,30,C,31.3,C,
2019,8,11,33,C,29,C,30.7,C,
2019,8,12,33.8,C,28.7,C,30.9,C,
2019,8,13,34.2,C,29.6,C,31.4,C,
2019,8,14,34.2,C,27.5,C,30.8,C,
2019,8,15,33.5,C,29.2,C,30.9,C,
2019,8,16,32.6,C,26.8,C,29.8,C,
2019,8,17,32.2,#,25.9,#,28.2,C,
2019,8,18,32.3,C,25.3,C,28,C,
2019,8,19,32.9,C,25.9,C,28.9,C,
2019,8,20,31.6,C,27.1,C,29,C,
2019,8,21,33.3,C,27,C,29.4,C,
2019,8,22,33.3,C,25.7,C,29.6,C,
2019,8,23,33,C,27.2,C,29.4,C,
2019,8,24,36.4,C,25.9,C,31.7,C,
2019,8,25,34.4,C,24.8,C,27.1,C,
2019,8,26,28.1,C,23.3,C,25.8,C,
2019,8,27,32.8,C,26.2,C,28.8,C,
2019,8,28,35.1,C,25.6,C,30.1,C,
2019,8,29,32.2,C,27.7,C,29.6,C,
2019,8,30,30.7,C,25.7,C,28,C,
2019,8,31,31.8,C,24.8,C,27.3,C,
2019,9,1,32,C,26.2,C,28.7,C,
2019,9,2,29.8,C,25.5,C,27.7,C,
2019,9,3,31.4,C,26.5,C,28.7,C,
2019,9,4,29.3,C,25.5,C,27.6,C,
2019,9,5,30.1,C,25.2,C,27.6,C,
2019,9,6,32.4,C,25.7,C,28.8,C,
2019,9,7,35.2,C,25.6,C,29.8,C,
2019,9,8,35.2,C,26.4,C,30.2,C,
2019,9,9,33.1,C,26.5,C,29.5,C,
2019,9,10,32.8,C,26.7,C,29.7,C,
2019,9,11,33.4,C,27.4,C,30,C,
2019,9,12,34.1,C,26.1,C,29.9,C,
2019,9,13,33.2,C,27.4,C,30,C,
2019,9,14,33.4,C,27,C,29.8,C,
2019,9,15,32.6,C,25.8,C,28.9,C,
2019,9,16,32.7,#,26.2,#,29.1,C,
2019,9,17,32,C,26.9,C,28.9,C,
2019,9,18,33.2,C,25.3,C,28.8,C,
2019,9,19,33,C,24.3,C,28.2,C,
2019,9,20,32.4,#,23.2,#,27.8,C,
2019,9,21,32.1,C,26.9,C,29.3,C,
2019,9,22,30.8,C,26.4,C,28.5,C,
2019,9,23,30.2,C,24.2,C,27,C,
2019,9,24,29.9,C,23.8,C,26.5,C,
2019,9,25,31.3,C,22.2,C,26.4,C,
2019,9,26,31.1,C,22.2,C,26.4,C,
2019,9,27,31.4,C,22.8,C,26.8,C,
2019,9,28,32.5,C,22.9,C,27.3,C,
2019,9,29,33.6,C,23.8,C,28.2,C,
2019,9,30,35.1,#,24.1,#,29,C,
2019,10,1,35.1,C,24.8,C,29.6,C,
2019,10,2,33.8,C,26.2,C,29.5,C,
2019,10,3,32.9,C,25.4,C,28.7,C,
2019,10,4,32.6,C,23.6,C,27.7,C,
2019,10,5,33.9,C,22.9,C,28.1,C,
2019,10,6,30,C,23.1,C,26.6,C,
2019,10,7,29.9,C,23.4,C,26.6,C,
2019,10,8,31.2,C,25,C,27.7,C,
2019,10,9,30.7,C,26.5,C,28,C,
2019,10,10,31.1,#,24.9,#,27.5,C,
2019,10,11,32.7,#,24,#,28.1,C,
2019,10,12,32.6,C,25.3,C,28.2,C,
2019,10,13,29.6,C,23.8,C,26.4,C,
2019,10,14,28.7,C,23.6,C,26,C,
2019,10,15,29.5,C,23.8,C,26.2,C,
2019,10,16,28.6,#,22.7,#,25.4,C,
2019,10,17,29.2,#,22.3,#,25.6,C,
2019,10,18,29.4,C,22.8,C,25.9,C,
2019,10,19,29.3,C,22.2,C,25.4,C,
2019,10,20,28.6,C,22.2,C,24.9,C,
2019,10,21,28.3,C,20.6,C,23.9,C,
2019,10,22,27.4,C,19.7,C,23.4,C,
2019,10,23,28,C,20.8,C,24.3,C,
2019,10,24,28.9,C,23.3,C,25.6,C,
2019,10,25,28.2,C,23,C,25.4,C,
2019,10,26,27.9,C,23.5,C,25.5,C,
2019,10,27,28.4,C,23.4,C,25.2,C,
2019,10,28,27.5,C,21.4,C,24.3,C,
2019,10,29,24.1,C,19.4,C,21.9,C,
2019,10,30,26.3,C,21.1,C,23.7,C,
2019,10,31,27.3,C,22.7,C,24.5,C,
2019,11,1,29.2,C,23.2,C,25.5,C,
2019,11,2,28.8,C,23.1,C,25.2,C,
2019,11,3,30.1,C,21.4,C,25.7,C,
2019,11,4,28.5,C,22.9,C,25.3,C,
2019,11,5,27,C,19.1,C,23.3,C,
2019,11,6,26.5,C,19.2,C,23,C,
2019,11,7,27.1,C,17.8,C,23,C,
2019,11,8,26.7,C,20.7,C,23.3,C,
2019,11,9,25.9,C,19.4,C,22.3,C,
2019,11,10,26.8,C,17.6,C,21.5,C,
2019,11,11,27.2,C,16.5,C,21.6,C,
2019,11,12,25.1,C,20.9,C,22.7,C,
2019,11,13,27.7,C,20.1,C,23.7,C,
2019,11,14,25.1,C,19.9,C,22.5,C,
2019,11,15,25.5,C,19.4,C,22.2,C,
2019,11,16,25.9,C,19.1,C,22,C,
2019,11,17,27.4,C,18.5,C,22.4,C,
2019,11,18,29.3,C,18.4,C,23.3,C,
2019,11,19,22.6,C,16.4,C,19.6,C,
2019,11,20,24.1,C,17.2,C,20.1,C,
2019,11,21,25.5,C,16.6,C,20.3,C,
2019,11,22,27.4,C,15.2,C,20.7,C,
2019,11,23,28,C,18.1,C,22.4,C,
2019,11,24,27.8,C,17.7,C,22.4,C,
2019,11,25,27.7,C,20.8,C,23.6,C,
2019,11,26,23.8,C,20.1,C,21.6,C,
2019,11,27,25.6,C,20.8,C,22.4,C,
2019,11,28,22.4,C,17.1,C,19.8,C,
2019,11,29,21.6,C,16,C,18.8,C,
2019,11,30,24.1,C,17.3,C,19.9,C,
2019,12,1,26.9,C,15.7,C,20.9,C,
2019,12,2,20.1,C,14.6,C,17.1,C,
2019,12,3,19.1,C,12.4,C,15.7,C,
2019,12,4,21.2,C,13,C,17.5,C,
2019,12,5,18.5,C,13.1,C,15.2,C,
2019,12,6,20,C,14.3,C,16.8,C,
2019,12,7,20,C,11.3,C,15.7,C,
2019,12,8,19.8,C,9.8,C,14.9,C,
2019,12,9,21.2,C,9.7,C,15.3,C,
2019,12,10,22.2,C,12,C,16.7,C,
2019,12,11,24.2,C,10.8,C,17.2,C,
2019,12,12,22.1,C,14.2,C,18.4,C,
2019,12,13,23.2,C,16.1,C,19.2,C,
2019,12,14,24.9,C,14.6,C,19.1,C,
2019,12,15,20.8,C,17.9,C,19.4,C,
2019,12,16,24.3,C,20,C,21.8,C,
2019,12,17,27.5,#,20.6,#,23.1,C,
2019,12,18,28.6,C,18,C,21.9,C,
2019,12,19,21.4,C,17.5,C,19,C,
2019,12,20,22.2,C,16.2,C,18.5,C,
2019,12,21,22.2,C,15.9,C,18.9,C,
2019,12,22,23.7,C,17.3,C,20.2,C,
2019,12,23,21.8,C,16.6,C,19.2,C,
2019,12,24,24.2,C,18.1,C,20.4,C,
2019,12,25,23,C,17,C,19.7,C,
2019,12,26,26.1,C,16.9,C,20.9,C,
2019,12,27,21,#,14.2,#,17.1,C,
2019,12,28,21.3,C,15.1,C,17.9,C,
2019,12,29,19.4,C,16.8,C,18.1,C,
2019,12,30,22.2,C,18.6,C,20.3,C,
2019,12,31,20.5,C,17.6,C,19,C,
2020,1,1,18.6,C,16.7,C,17.5,C,
2020,1,2,20.3,C,14.5,C,17.5,C,
2020,1,3,23.5,C,14.4,C,18.4,C,
2020,1,4,23.9,C,14.1,C,18.4,C,
2020,1,5,23.2,C,18.4,C,20.3,C,
2020,1,6,24.9,C,20,C,21.5,C,
2020,1,7,27.1,C,18.7,C,22,C,
2020,1,8,26,C,18.9,C,21.4,C,
2020,1,9,20.6,C,18,C,19,C,
2020,1,10,23.5,C,18.5,C,20.1,C,
2020,1,11,25.8,C,17.9,C,21,C,
2020,1,12,20.4,C,13.9,C,17.1,C,
2020,1,13,19.2,C,16.3,C,17.6,C,
2020,1,14,22.7,C,16.9,C,18.9,C,
2020,1,15,21.3,C,17.6,C,19.1,C,
2020,1,16,22.8,#,18,#,19.5,C,
2020,1,17,19.3,#,15.2,#,17.4,C,
2020,1,18,19.6,C,14.4,C,17.1,C,
2020,1,19,19.4,C,14.8,C,17.2,C,
2020,1,20,20.7,C,14.4,C,16.8,C,
2020,1,21,22,C,13.9,C,17.9,C,
2020,1,22,24.2,C,17.6,C,20.5,C,
2020,1,23,26.1,C,20,C,21.8,C,
2020,1,24,23.5,C,19.9,C,21.2,C,
2020,1,25,22.6,C,18,C,19.7,C,
2020,1,26,18.7,C,13.1,C,15.5,C,
2020,1,27,15.9,C,10,C,12.2,C,
2020,1,28,15.7,C,9.5,C,12.3,C,
2020,1,29,16.6,C,10.2,C,13.4,C,
2020,1,30,18.3,C,11.6,C,14.7,C,
2020,1,31,18.4,C,10.1,C,14,C,
2020,2,1,18.5,C,9,C,14.2,C,
2020,2,2,18.8,C,15.5,C,16.9,C,
2020,2,3,21,C,15.6,C,18,C,
2020,2,4,18.3,C,14.7,C,16.7,C,
2020,2,5,18.4,C,16.5,C,17.3,C,
2020,2,6,18.3,C,15.7,C,17,C,
2020,2,7,20.3,C,17.3,C,18.6,C,
2020,2,8,18,C,15.8,C,16.7,C,
2020,2,9,18,C,13.7,C,15.9,C,
2020,2,10,18.3,C,14.7,C,16.4,C,
2020,2,11,19.3,C,16.6,C,17.5,C,
2020,2,12,25,C,18,C,20.4,C,
2020,2,13,20.6,C,17.9,C,19.2,C,
2020,2,14,24.7,C,18.9,C,20.9,C,
2020,2,15,23.6,C,19.7,C,21.5,C,
2020,2,16,21.3,C,10.1,C,13.9,C,
2020,2,17,16.7,C,9.5,C,13.2,C,
2020,2,18,17.7,C,10.4,C,13.7,C,
2020,2,19,18.7,C,11.8,C,15.6,C,
2020,2,20,21.4,C,12.3,C,16.8,C,
2020,2,21,23.2,C,14.7,C,18.6,C,
2020,2,22,25.8,C,13.1,C,18.9,C,
2020,2,23,24.4,#,16.8,#,19.7,C,
2020,2,24,21.9,C,17.3,C,19.8,C,
2020,2,25,25.8,C,19.2,C,21.4,C,
2020,2,26,28.7,#,17.7,#,22.7,C,
2020,2,27,22.4,#,18.4,#,19.8,C,
2020,2,28,24.2,#,17.9,#,20.3,C,
2020,2,29,27,#,17.6,#,21.4,C,
2020,3,1,28.3,#,17.9,#,22.7,C,
2020,3,2,21,C,18.5,C,19.5,C,
2020,3,3,20.9,C,17.9,C,19.2,C,
2020,3,4,21.6,C,17.1,C,19.4,C,
2020,3,5,19.8,C,15.1,C,17.4,C,
2020,3,6,19.8,C,16.8,C,18.1,C,
2020,3,7,24.5,C,18.8,C,20.9,C,
2020,3,8,24.4,#,19.8,#,22.3,C,
2020,3,9,26.7,C,20.4,C,23,C,
2020,3,10,25.7,#,19.4,#,22.6,C,
2020,3,11,19.8,C,17.5,C,18.5,C,
2020,3,12,20.9,C,17.6,C,19.4,C,
2020,3,13,25.1,C,19.8,C,21.8,C,
2020,3,14,25.2,C,19,C,20.9,C,
2020,3,15,22.5,C,18.4,C,19.7,C,
2020,3,16,22.4,C,17.1,C,19.9,C,
2020,3,17,21,C,19.4,C,20.1,C,
2020,3,18,21.8,C,18.9,C,20.1,C,
2020,3,19,22.6,C,18.7,C,20.1,C,
2020,3,20,22.9,C,19.8,C,20.7,C,
2020,3,21,23.7,C,20.6,C,21.7,C,
2020,3,22,28.9,C,21,C,24.2,C,
2020,3,23,30,C,19.9,C,24.4,C,
2020,3,24,26,C,20.3,C,22.4,C,
2020,3,25,26.2,C,21,C,22.5,C,
2020,3,26,27.4,C,21.7,C,23.5,C,
2020,3,27,28.3,C,20.8,C,24,C,
2020,3,28,25.7,C,18.7,C,22.6,C,
2020,3,29,20.7,C,18.6,C,19.8,C,
2020,3,30,21,C,19.3,C,20,C,
2020,3,31,21.8,C,18.8,C,20.5,C,
2020,4,1,19.8,C,17.9,C,18.8,C,
2020,4,2,21.1,C,19.1,C,20,C,
2020,4,3,21.7,C,19.2,C,20.4,C,
2020,4,4,23.6,C,19.1,C,20.6,C,
2020,4,5,19.5,C,16.6,C,17.6,C,
2020,4,6,18,#,16.2,#,17,C,
2020,4,7,22.1,#,17.1,#,19.3,C,
2020,4,8,23.8,C,18.9,C,20.6,C,
2020,4,9,26.4,#,17.5,#,21.3,C,
2020,4,10,23.9,C,18,C,21.2,C,
2020,4,11,24.5,C,20.9,C,22.2,C,
2020,4,12,24.4,C,18.3,C,20.9,C,
2020,4,13,24.5,C,16.4,C,19.7,C,
2020,4,14,23.7,C,16.7,C,20,C,
2020,4,15,26.8,C,14.9,C,20.9,C,
2020,4,16,28.2,C,16.1,C,21.9,C,
2020,4,17,28,C,20.4,C,23.5,C,
2020,4,18,28.5,C,20,C,24,C,
2020,4,19,29.9,C,23.1,C,26,C,
2020,4,20,30.7,C,24.2,C,26.7,C,
2020,4,21,28.8,C,23.6,C,26.2,C,
2020,4,22,25.4,#,18.8,#,21.8,C,
2020,4,23,21.3,C,18.8,C,20.2,C,
2020,4,24,21.5,C,17.1,C,18.7,C,
2020,4,25,22.3,C,17.4,C,20,C,
2020,4,26,27.4,C,19,C,22.8,C,
2020,4,27,28.3,C,19.4,C,23.3,C,
2020,4,28,27.5,#,18.6,#,23,C,
2020,4,29,28.1,#,20.5,#,23.7,C,
2020,4,30,29.5,C,18.8,C,24.2,C,
2020,5,1,29.5,C,22.1,C,25.3,C,
2020,5,2,30.7,C,22.9,C,26.3,C,
2020,5,3,32.8,C,23.5,C,27.8,C,
2020,5,4,33.2,#,25.5,#,28.3,C,
2020,5,5,31.3,C,26.5,C,28.3,C,
2020,5,6,32,C,26.3,C,28.9,C,
2020,5,7,32.1,C,27.8,C,29.6,C,
2020,5,8,32.3,C,28.6,C,29.7,C,
2020,5,9,31.5,C,27.9,C,28.9,C,
2020,5,10,34,C,24.1,C,28.8,C,
2020,5,11,32.7,#,23.9,#,27.9,C,
2020,5,12,30.8,C,23.6,C,27,C,
2020,5,13,28.7,C,24.8,C,26,C,
2020,5,14,28.6,C,24.7,C,26.6,C,
2020,5,15,31.8,C,26,C,28.2,C,
2020,5,16,32,C,24.5,C,28.1,C,
2020,5,17,32.8,C,25,C,28.8,C,
2020,5,18,29.9,C,24.8,C,26.3,C,
2020,5,19,31.5,C,24.2,C,27.3,C,
2020,5,20,28.9,C,25.5,C,27,C,
2020,5,21,30.2,C,25.4,C,28,C,
2020,5,22,30.3,C,26.7,C,28.2,C,
2020,5,23,26.7,C,24.8,C,25.6,C,
2020,5,24,29.3,C,24.6,C,26.7,C,
2020,5,25,28.1,C,25.3,C,26.6,C,
2020,5,26,31.5,C,26.3,C,28,C,
2020,5,27,31.8,C,25.4,C,28,C,
2020,5,28,28.2,C,25.4,C,27,C,
2020,5,29,30.3,C,26.1,C,27.8,C,
2020,5,30,28.1,C,24.1,C,25.7,C,
2020,5,31,32.4,C,25.8,C,29,C,
2020,6,1,33,C,28.4,C,30.2,C,
2020,6,2,32,C,27,C,29,C,
2020,6,3,32.2,C,27.2,C,29.7,C,
2020,6,4,32.9,C,28.6,C,30.3,C,
2020,6,5,32.2,C,26.8,C,29.7,C,
2020,6,6,29.8,C,23.7,C,26.1,C,
2020,6,7,28,#,24.1,#,25.9,C,
2020,6,8,28.9,C,25.1,C,26.9,C,
2020,6,9,31.8,C,26.9,C,29,C,
2020,6,10,32.3,#,26.8,#,29.5,C,
2020,6,11,33.7,#,27.2,#,30.1,C,
2020,6,12,33.5,#,26.5,#,29.8,C,
2020,6,13,32.5,#,27.4,#,29.3,C,
2020,6,14,30.7,C,25.5,C,27.7,C,
2020,6,15,32.2,C,25.6,C,29.2,C,
2020,6,16,31.5,C,26.2,C,28.5,C,
2020,6,17,32.1,C,25.7,C,28.6,C,
2020,6,18,32.8,#,26,#,29.4,C,
2020,6,19,33,C,26.9,C,30,C,
2020,6,20,33.2,C,27.9,C,30.3,C,
2020,6,21,33,C,28.6,C,30.3,C,
2020,6,22,33.2,#,28.7,#,30.6,C,
2020,6,23,33.2,C,29,C,30.6,C,
2020,6,24,33.2,C,28.9,C,30.5,C,
2020,6,25,33.1,C,29,C,30.7,C,
2020,6,26,33.3,C,29.5,C,30.7,C,
2020,6,27,33.6,C,28.5,C,30.5,C,
2020,6,28,33.2,C,27.4,C,30.2,C,
2020,6,29,33.4,C,27,C,30.1,C,
2020,6,30,34.3,C,28.1,C,30.7,C,
2020,7,1,32.8,C,27,C,29.5,C,
2020,7,2,32.8,C,26.9,C,29.7,C,
2020,7,3,32.6,C,26.9,C,28.8,C,
2020,7,4,33.1,C,26.8,C,29.7,C,
2020,7,5,33.1,C,27.7,C,30.2,C,
2020,7,6,33.2,C,28.6,C,30.5,C,
2020,7,7,33.1,C,27.5,C,30.2,C,
2020,7,8,32,C,29.1,C,30.1,C,
2020,7,9,32.3,C,29,C,30.2,C,
2020,7,10,32.5,C,29.2,C,30.4,C,
2020,7,11,33.6,C,29.5,C,30.9,C,
2020,7,12,34.2,C,28.6,C,30.9,C,
2020,7,13,33.9,C,27.3,C,30.8,C,
2020,7,14,35.2,C,28.8,C,31.3,C,
2020,7,15,34.5,C,28.8,C,30.9,C,
2020,7,16,33.7,#,28.7,#,30.7,C,
2020,7,17,33.5,C,27.4,C,30.5,C,
2020,7,18,34.2,C,29.1,C,31.1,C,
2020,7,19,33.8,C,28.3,C,30.8,C,
2020,7,20,33.7,C,27.4,C,30.3,C,
2020,7,21,34.2,C,26.7,C,30.1,C,
2020,7,22,33.7,C,27.5,C,29.7,C,
2020,7,23,35.2,C,27.4,C,31.1,C,
2020,7,24,35,C,27.3,C,31.1,C,
2020,7,25,35.4,C,28.6,C,31.1,C,
2020,7,26,35.4,C,29.1,C,31.2,C,
2020,7,27,34.1,C,28.4,C,30.9,C,
2020,7,28,35,C,27.3,C,31.1,C,
2020,7,29,34.4,C,28,C,30.6,C,
2020,7,30,34.8,C,27.3,C,30.4,C,
2020,7,31,30.1,C,25.1,C,28.2,C,
2020,8,1,29.8,C,25.5,C,28,C,
2020,8,2,29.6,C,26.2,C,27.7,C,
2020,8,3,28.3,C,25.3,C,26.4,C,
2020,8,4,30.5,C,25.5,C,27.5,C,
2020,8,5,31.3,C,24.7,C,27.6,C,
2020,8,6,32.7,C,24.8,C,28.6,C,
2020,8,7,32.7,C,27.7,C,29.7,C,
2020,8,8,33.1,C,27.4,C,30.2,C,
2020,8,9,33.4,C,26,C,29.8,C,
2020,8,10,33.8,C,26.7,C,29.9,C,
2020,8,11,32.5,C,28.2,C,30.4,C,
2020,8,12,30.2,C,26.2,C,27.9,C,
2020,8,13,31.6,C,25.4,C,28.3,C,
2020,8,14,32.9,C,26.3,C,29.1,C,
2020,8,15,32.7,C,26.2,C,29.5,C,
2020,8,16,32.6,C,24.9,C,29.1,C,
2020,8,17,30.2,C,25,C,27.5,C,
2020,8,18,29.9,C,25.2,C,26.8,C,
2020,8,19,28.8,C,25.3,C,27.1,C,
2020,8,20,31.8,C,26.7,C,29,C,
2020,8,21,32.5,C,26.5,C,29.2,C,
2020,8,22,33.8,C,25.8,C,29.5,C,
2020,8,23,34.3,C,26.3,C,29.9,C,
2020,8,24,35,C,27,C,30.6,C,
2020,8,25,34.5,C,28.2,C,31.1,C,
2020,8,26,33.6,C,26.7,C,30,C,
2020,8,27,31.6,C,26.5,C,28.5,C,
2020,8,28,34.1,C,26,C,29.8,C,
2020,8,29,34.5,C,26.1,C,30.1,C,
2020,8,30,33.5,C,26.4,C,29.6,C,
2020,8,31,34.2,C,27.6,C,30,C,
2020,9,1,35.4,#,26.3,#,30.4,C,
2020,9,2,35.4,C,26.9,C,30.3,C,
2020,9,3,34.6,C,26.4,C,29.7,C,
2020,9,4,32.1,C,26.3,C,28.9,C,
2020,9,5,32,C,24.8,C,28.3,C,
2020,9,6,32,C,25.9,C,28.4,C,
2020,9,7,32.1,C,26.5,C,28.5,C,
2020,9,8,29.1,C,25.1,C,26.8,C,
2020,9,9,31.7,C,25.7,C,27.4,C,
2020,9,10,32.5,C,25.8,C,28.2,C,
2020,9,11,32.6,#,26.3,#,28.7,C,
2020,9,12,32.7,C,25.6,C,28.2,C,
2020,9,13,31.9,C,25.1,C,28.1,C,
2020,9,14,31.5,C,25.5,C,28.1,C,
2020,9,15,29.8,C,25.6,C,27.4,C,
2020,9,16,32.3,C,27.8,C,29.7,C,
2020,9,17,31.8,C,26.5,C,29,C,
2020,9,18,31.4,C,26,C,28.3,C,
2020,9,19,30.5,C,25.7,C,27.5,C,
2020,9,20,32.5,C,24.8,C,28.3,C,
2020,9,21,30.3,C,25.6,C,27.8,C,
2020,9,22,31,C,26,C,28.2,C,
2020,9,23,32.3,C,26.5,C,28.9,C,
2020,9,24,31.2,C,25.5,C,28,C,
2020,9,25,30.6,C,24.7,C,27.3,C,
2020,9,26,28.9,C,26.7,C,27.6,C,
2020,9,27,29.4,C,26,C,27.4,C,
2020,9,28,27.9,C,25.1,C,26.5,C,
2020,9,29,29.6,C,25.9,C,27.5,C,
2020,9,30,31.9,C,25.1,C,27.3,C,
2020,10,1,29.3,C,25.2,C,27.1,C,
2020,10,2,29.7,C,24.9,C,27.3,C,
2020,10,3,31.2,C,24.8,C,27.5,C,
2020,10,4,32.5,C,25.1,C,28.1,C,
2020,10,5,30.5,C,25.5,C,27.7,C,
2020,10,6,27.9,C,24.8,C,25.9,C,
2020,10,7,26.4,C,23.6,C,24.7,C,
2020,10,8,27.5,C,22.6,C,24.7,C,
2020,10,9,28.8,C,22.9,C,25.7,C,
2020,10,10,29.1,C,22.4,C,25.3,C,
2020,10,11,30.2,C,23.7,C,26.3,C,
2020,10,12,30.5,C,24.9,C,27.8,C,
2020,10,13,27.4,C,23.9,C,25.3,C,
2020,10,14,27.4,#,24.9,#,26.2,C,
2020,10,15,29.3,C,25,C,26.5,C,
2020,10,16,30.1,C,25,C,26.8,C,
2020,10,17,27.5,C,23.5,C,25.2,C,
2020,10,18,27.8,C,21.5,C,24.3,C,
2020,10,19,27.4,C,21.7,C,24.1,C,
2020,10,20,28,C,21.6,C,24.7,C,
2020,10,21,27.4,C,20.9,C,24.2,C,
2020,10,22,27.3,C,22.6,C,24.4,C,
2020,10,23,24.8,C,21.7,C,23.6,C,
2020,10,24,25.2,C,21.9,C,23.6,C,
2020,10,25,27.1,#,22.5,#,24.1,C,
2020,10,26,28.8,C,22.1,C,24.5,C,
2020,10,27,29.3,C,22.3,C,25,C,
2020,10,28,27,C,22.7,C,24.4,C,
2020,10,29,26.5,C,22.6,C,24.5,C,
2020,10,30,26.8,C,22.6,C,23.8,C,
2020,10,31,26.3,C,21.2,C,23,C,
2020,11,1,28.1,#,20.8,#,23.7,C,
2020,11,2,28.6,C,20.1,C,24.4,C,
2020,11,3,25.6,#,20.7,#,23,C,
2020,11,4,25.7,C,19.8,C,22.3,C,
2020,11,5,26,C,20.1,C,22.8,C,
2020,11,6,29.9,C,18.9,C,23.9,C,
2020,11,7,30.3,C,22.5,C,26.5,C,
2020,11,8,27.3,C,23.2,C,25.6,C,
2020,11,9,26,C,22.4,C,23.4,C,
2020,11,10,23.7,C,21.3,C,22.3,C,
2020,11,11,25.4,C,19.2,C,21.7,C,
2020,11,12,26.2,#,18.6,#,21.6,C,
2020,11,13,25.3,C,17.5,C,22.4,C,
2020,11,14,24.6,C,21.6,C,22.9,C,
2020,11,15,25.7,C,20.9,C,22.8,C,
2020,11,16,28.5,C,20.6,C,23.7,C,
2020,11,17,27.1,C,22.8,C,24.3,C,
2020,11,18,29,C,23.2,C,25.3,C,
2020,11,19,29.1,C,23.4,C,25.3,C,
2020,11,20,30.1,C,23.4,C,26,C,
2020,11,21,25.1,C,22.6,C,23.4,C,
2020,11,22,28.9,C,22.3,C,25,C,
2020,11,23,23.8,C,21.9,C,22.6,C,
2020,11,24,26.5,C,21.7,C,23.1,C,
2020,11,25,27.4,C,21.1,C,23.4,C,
2020,11,26,28.7,#,20.3,#,23.9,C,
2020,11,27,25.3,C,19.3,C,22,C,
2020,11,28,22.6,C,16.8,C,19.6,C,
2020,11,29,22.4,C,16.9,C,19.4,C,
2020,11,30,22.4,C,15.2,C,18.5,C,
2020,12,1,22.6,#,15.9,#,19.1,C,
2020,12,2,22.4,#,15.1,#,19.1,C,
2020,12,3,19.8,C,14,C,16.8,C,
2020,12,4,18.4,C,12.5,C,15.4,C,
2020,12,5,20.2,#,12.1,#,16.3,C,
2020,12,6,22,#,12.9,#,16.8,C,
2020,12,7,23.8,C,15.8,C,20.2,C,
2020,12,8,22.4,#,16.4,#,19.3,C,
2020,12,9,21.3,C,17.1,C,19.1,C,
2020,12,10,24.2,C,18.4,C,21,C,
2020,12,11,24.5,#,19.7,#,21.5,C,
2020,12,12,21.9,C,19.9,C,20.6,C,
2020,12,13,22.7,C,19.8,C,20.7,C,
2020,12,14,20.9,C,13.7,C,18.2,C,
2020,12,15,15.5,C,11.5,C,13.6,C,
2020,12,16,14.9,C,11.2,C,13,C,
2020,12,17,15.7,C,11.4,C,13.5,C,
2020,12,18,19.7,C,12.8,C,15.5,C,
2020,12,19,17.3,C,10.5,C,14,C,
2020,12,20,18.6,C,11.3,C,14.5,C,
2020,12,21,19.7,C,11.8,C,16,C,
2020,12,22,20.1,C,13.5,C,16.9,C,
2020,12,23,19.6,C,16.1,C,17.9,C,
2020,12,24,24.5,C,17.2,C,20.4,C,
2020,12,25,20.2,C,16.5,C,18.3,C,
2020,12,26,22.1,C,16.2,C,18.7,C,
2020,12,27,27.3,#,15.1,#,20.4,C,
2020,12,28,24.7,C,14.3,C,19.3,C,
2020,12,29,26,C,18.1,C,21.1,C,
2020,12,30,22.4,#,9.7,#,14.6,C,
2020,12,31,13.5,C,7,C,10.3,C,
2021,1,1,15.4,C,6.9,C,10.3,C,
2021,1,2,17.5,C,6,C,12.4,C,
2021,1,3,22,#,12,#,16.5,C,
2021,1,4,21.1,C,16.7,C,18.3,C,
2021,1,5,22.9,C,16.3,C,18.6,C,
2021,1,6,19.3,C,13.1,C,15.9,C,
2021,1,7,17.1,C,9.6,C,14,C,
2021,1,8,9.7,C,6.4,C,8.3,C,
2021,1,9,12.4,C,6.9,C,10.2,C,
2021,1,10,13.9,C,10.6,C,12.1,C,
2021,1,11,11.8,C,8.8,C,10,C,
2021,1,12,15.9,C,6.3,C,11,C,
2021,1,13,18.6,C,3.4,C,10.5,C,
2021,1,14,20.7,C,5.5,C,12.6,C,
2021,1,15,22.2,C,9.6,C,15.2,C,
2021,1,16,21.7,C,10.5,C,16.1,C,
2021,1,17,19.2,C,13.5,C,16.3,C,
2021,1,18,18.3,C,9.7,C,13.2,C,
2021,1,19,18.5,#,9.2,#,14.4,C,
2021,1,20,22.4,#,16,#,18.6,C,
2021,1,21,24.6,C,16.5,C,19.7,C,
2021,1,22,26.4,#,16.3,#,21.1,C,
2021,1,23,26.3,C,15.8,C,20.1,C,
2021,1,24,21,C,15.1,C,17.8,C,
2021,1,25,24.1,C,15.9,C,19.3,C,
2021,1,26,25.3,C,14.2,C,19,C,
2021,1,27,22.6,#,16.5,#,18.5,C,
2021,1,28,23.7,C,15,C,18.8,C,
2021,1,29,19.7,#,13.4,#,15.9,C,
2021,1,30,20.1,#,12.6,#,16.1,C,
2021,1,31,22.5,#,12.5,#,17.9,C,
2021,2,1,25.2,C,14.3,C,19,C,
2021,2,2,27.5,C,14.6,C,19.6,C,
2021,2,3,22.6,#,15.7,#,18.4,C,
2021,2,4,24.9,C,13.8,C,18.8,C,
2021,2,5,24.8,C,15.4,C,19.5,C,
2021,2,6,28.2,C,12.7,C,19,C,
2021,2,7,26.1,C,12.7,C,18.9,C,
2021,2,8,23.9,C,15.4,C,19.5,C,
2021,2,9,19.1,C,16.6,C,18.1,C,
2021,2,10,17.4,C,15.3,C,16.2,C,
2021,2,11,19.5,C,15.7,C,17.4,C,
2021,2,12,23,C,12.3,C,17.3,C,
2021,2,13,23,C,12.9,C,17.4,C,
2021,2,14,25.1,C,13.6,C,18.6,C,
2021,2,15,26.8,C,13.3,C,19.5,C,
2021,2,16,24,C,16.1,C,19.6,C,
2021,2,17,24.1,C,16,C,19.5,C,
2021,2,18,22.2,C,15,C,17.9,C,
2021,2,19,22.9,C,13.5,C,17.3,C,
2021,2,20,24.2,C,11.7,C,17.4,C,
2021,2,21,24.9,C,13,C,18.5,C,
2021,2,22,26.3,C,14.4,C,19.9,C,
2021,2,23,26.8,C,15.2,C,20.3,C,
2021,2,24,21.3,C,18.4,C,19.9,C,
2021,2,25,23.4,C,18.3,C,20.1,C,
2021,2,26,26.7,#,18.5,#,21.7,C,
2021,2,27,21.1,C,16.8,C,17.9,C,
2021,2,28,22.6,C,17.1,C,19.6,C,
2021,3,1,25.1,C,19.6,C,21.9,C,
2021,3,2,23.2,C,17.9,C,20.5,C,
2021,3,3,18.9,C,17.2,C,18,C,
2021,3,4,19.9,C,17.5,C,18.5,C,
2021,3,5,21.1,#,19.3,#,20.2,C,
2021,3,6,22,C,19.7,C,20.7,C,
2021,3,7,20.6,C,18.9,C,19.7,C,
2021,3,8,20.8,C,17.5,C,19,C,
2021,3,9,22.5,C,17.8,C,19.7,C,
2021,3,10,20.9,C,18.1,C,19.6,C,
2021,3,11,24,C,18.6,C,20.8,C,
2021,3,12,28.5,C,18.2,C,22.6,C,
2021,3,13,24.2,#,20.1,#,21.5,C,
2021,3,14,22.3,#,19.5,#,20.8,C,
2021,3,15,26.1,#,19.6,#,22.2,C,
2021,3,16,28.2,C,19.1,C,23,C,
2021,3,17,29.3,C,19.2,C,23.8,C,
2021,3,18,25.4,C,21.6,C,23.1,C,
2021,3,19,28.8,C,21.6,C,24,C,
2021,3,20,30.1,C,20.6,C,24.5,C,
2021,3,21,23.5,C,16.3,C,20.2,C,
2021,3,22,19.7,C,15.4,C,17.2,C,
2021,3,23,19.6,C,17.3,C,18.4,C,
2021,3,24,24.6,C,17.2,C,20.4,C,
2021,3,25,24.5,C,19.1,C,21.5,C,
2021,3,26,25,C,19.1,C,21.2,C,
2021,3,27,28.9,C,21.3,C,23.9,C,
2021,3,28,28.9,C,20.7,C,24.8,C,
2021,3,29,29.2,C,23.8,C,25.9,C,
2021,3,30,30.4,C,24.6,C,27,C,
2021,3,31,30.2,C,25.1,C,27,C,
2021,4,1,30,C,24.9,C,27,C,
2021,4,2,31,C,23.6,C,26.6,C,
2021,4,3,31.9,C,21.8,C,26.3,C,
2021,4,4,26.3,C,22.7,C,24,C,
2021,4,5,22.7,C,21.3,C,21.9,C,
2021,4,6,27.2,C,21.3,C,23.6,C,
2021,4,7,25.4,C,21.4,C,22.6,C,
2021,4,8,25.2,C,21.3,C,22.9,C,
2021,4,9,21.3,C,18.5,C,19.9,C,
2021,4,10,25.1,C,19,C,21.9,C,
2021,4,11,27.1,C,20.3,C,22.7,C,
2021,4,12,28,C,20,C,23.7,C,
2021,4,13,30.8,C,20.9,C,25.3,C,
2021,4,14,26.1,#,21.4,#,23.4,C,
2021,4,15,22.6,#,20.9,#,21.8,C,
2021,4,16,24.1,C,21.4,C,22.6,C,
2021,4,17,23.1,C,21.8,C,22.5,C,
2021,4,18,26.1,C,21.5,C,23.3,C,
2021,4,19,24.9,C,21,C,22.3,C,
2021,4,20,25.7,C,21.1,C,23,C,
2021,4,21,27.9,C,20.8,C,24,C,
2021,4,22,29.4,C,21.5,C,25,C,
2021,4,23,33,C,21.7,C,27.1,C,
2021,4,24,27.2,C,23.9,C,24.9,C,
2021,4,25,28.2,C,21.9,C,24.3,C,
2021,4,26,25.1,C,21.4,C,23.1,C,
2021,4,27,24.1,C,22.1,C,23.1,C,
2021,4,28,27.2,C,22.5,C,24.6,C,
2021,4,29,30.1,C,21.2,C,24.1,C,
2021,4,30,30.7,C,19.6,C,24.8,C,
2021,5,1,30.9,C,22.2,C,26,C,
2021,5,2,31,C,22.6,C,25.7,C,
2021,5,3,25,C,22.1,C,23.8,C,
2021,5,4,31.8,C,22.9,C,26.7,C,
2021,5,5,31.5,C,22.3,C,26.6,C,
2021,5,6,28.2,C,22.8,C,24.7,C,
2021,5,7,30.8,C,21.9,C,26.4,C,
2021,5,8,31.5,C,23.4,C,27.7,C,
2021,5,9,32.6,C,26.7,C,28.6,C,
2021,5,10,32.1,C,25.3,C,28.6,C,
2021,5,11,32.5,C,27.6,C,29.6,C,
2021,5,12,33.2,#,27.8,#,30,C,
2021,5,13,32.6,C,27.9,C,29.7,C,
2021,5,14,32.1,C,27.8,C,29.6,C,
2021,5,15,33.3,#,27.4,#,30.1,C,
2021,5,16,33.9,C,28,C,30.5,C,
2021,5,17,34.2,C,28.9,C,30.8,C,
2021,5,18,33.6,C,27.9,C,30.4,C,
2021,5,19,33,C,28.8,C,30.7,C,
2021,5,20,33.9,C,29.1,C,30.8,C,
2021,5,21,33.6,#,28.7,#,30.6,#,
2021,5,22,33.6,C,28.6,C,30.7,C,
2021,5,23,34.9,C,27.5,C,30.9,C,
2021,5,24,34,C,28,C,30.1,C,
2021,5,25,30.5,C,25.5,C,28,C,
2021,5,26,33,C,26.5,C,29.4,C,
2021,5,27,33.5,C,28.4,C,30.6,C,
2021,5,28,33.5,#,27.5,#,30.6,C,
2021,5,29,32.8,C,28.9,C,30.5,C,
2021,5,30,32.7,C,29.4,C,30.6,C,
2021,5,31,32.5,C,25.8,C,29.5,C,
2021,6,1,30.9,C,25,C,27.1,C,
2021,6,2,31,C,24.7,C,27.9,C,
2021,6,3,34,C,26.4,C,30.1,C,
2021,6,4,31.1,C,26.3,C,28.7,C,
2021,6,5,31.1,C,25.5,C,27.5,C,
2021,6,6,31.4,C,24.2,C,27.8,C,
2021,6,7,30.3,C,25.9,C,27.8,C,
2021,6,8,32.7,C,26.9,C,28.8,C,
2021,6,9,30.5,C,26.6,C,27.9,C,
2021,6,10,31.9,#,25.8,#,28.8,C,
2021,6,11,32.3,C,26.7,C,29.5,C,
2021,6,12,29.9,#,26,#,28.3,C,
2021,6,13,31.6,#,26.1,#,28.6,C,
2021,6,14,32.3,#,27.8,#,29.6,C,
2021,6,15,32,#,26.3,#,29.3,C,
2021,6,16,33.2,C,28.9,C,30.7,C,
2021,6,17,33.7,C,28.4,C,31.1,C,
2021,6,18,32.9,C,29.1,C,30.6,C,
2021,6,19,33,C,28.6,C,30.6,C,
2021,6,20,33.2,C,29.4,C,30.8,C,
2021,6,21,31.6,C,27.2,C,29.9,C,
2021,6,22,29.9,C,24.8,C,27.7,C,
2021,6,23,29,C,25.1,C,26.4,C,
2021,6,24,27.3,C,24.7,C,25.8,C,
2021,6,25,30.1,C,25.4,C,27.4,C,
2021,6,26,30.5,C,26.1,C,28.2,C,
2021,6,27,30.7,C,27.6,C,29.4,C,
2021,6,28,30,C,24.7,C,28.1,C,
2021,6,29,31.8,C,27.8,C,29.9,C,
2021,6,30,32.7,C,29.2,C,30.3,C,
2021,7,1,32.4,C,29.2,C,30.5,C,
2021,7,2,32.8,C,29.5,C,30.7,C,
2021,7,3,33.7,#,28.9,#,30.7,C,
2021,7,4,33.8,#,27.5,#,30.4,C,
2021,7,5,33.2,#,28.1,#,30.2,C,
2021,7,6,33.3,C,26.6,C,29.6,C,
2021,7,7,32,C,27.2,C,29.7,C,
2021,7,8,32.7,C,27.9,C,29.8,C,
2021,7,9,33.9,C,26.4,C,29.9,C,
2021,7,10,33.2,C,26.1,C,29.8,C,
2021,7,11,33.6,C,27.9,C,30.6,C,
2021,7,12,33.8,#,27.5,#,30.5,C,
2021,7,13,34.7,C,27.6,C,30.5,C,
2021,7,14,33.6,#,27.1,#,30.3,C,
2021,7,15,34.6,#,27.5,#,31,C,
2021,7,16,31.6,#,27.1,#,29,C,
2021,7,17,30.1,#,26.7,#,28.1,C,
2021,7,18,30.5,#,24.5,#,27.9,C,
2021,7,19,29.8,#,25.8,#,27.2,C,
2021,7,20,27.6,#,24.2,#,26.3,C,
2021,7,21,28.5,#,26,#,27.3,C,
2021,7,22,34.1,#,26,#,29.9,C,
2021,7,23,36.3,#,26.3,#,30.7,C,
2021,7,24,34.9,#,27.4,#,29.7,C,
2021,7,25,33.9,#,26,#,29.7,C,
2021,7,26,34.1,#,28.8,#,30.9,C,
2021,7,27,36.5,C,26.4,C,31.2,C,
2021,7,28,34.4,C,27.9,C,30.7,C,
2021,7,29,31.7,C,27.6,C,29.2,C,
2021,7,30,30.9,C,26.5,C,28.7,C,
2021,7,31,32.8,C,27.4,C,29.8,C,
2021,8,1,33.5,C,27.3,C,29.8,C,
2021,8,2,34.8,C,27.7,C,30,C,
2021,8,3,29.8,C,27,C,28.5,C,
2021,8,4,33.4,C,26.3,C,28.8,C,
2021,8,5,30.2,C,26.5,C,28.1,C,
2021,8,6,31,C,26.5,C,29,C,
2021,8,7,33.6,C,27.5,C,29.2,C,
2021,8,8,32.1,C,27.7,C,29.7,C,
2021,8,9,29.8,#,27.3,#,27.4,#,
2021,8,10,29.5,#,27.1,#,28.4,#,
2021,8,11,33.2,C,27.4,C,29.6,C,
2021,8,12,32.6,C,26,C,29,C,
2021,8,13,31.4,C,26.3,C,28.5,C,
2021,8,14,29.2,C,26,C,27.8,C,
2021,8,15,30.7,C,25.8,C,27.3,C,
2021,8,16,31.6,C,24.9,C,28,C,
2021,8,17,33.4,C,26,C,29.4,C,
2021,8,18,33.8,C,26.5,C,29,C,
2021,8,19,31.7,C,26,C,28.4,C,
2021,8,20,33,C,26,C,29.3,C,
2021,8,21,33.7,C,26.5,C,30.1,C,
2021,8,22,34,#,28.3,#,30.3,C,
2021,8,23,33.2,#,28.3,#,30.3,C,
2021,8,24,32.6,C,26.9,C,29.5,C,
2021,8,25,32.8,C,26.9,C,29.2,C,
2021,8,26,32.8,C,27.2,C,29.7,C,
2021,8,27,28.8,C,22.9,C,25.4,C,
2021,8,28,29.6,C,22.9,C,26.3,C,
2021,8,29,31.6,C,25.7,C,28,C,
2021,8,30,32.4,C,26.6,C,28.7,C,
2021,8,31,29.5,C,25.5,C,27.3,C,
2021,9,1,30.9,C,26.4,C,28.3,C,
2021,9,2,31.9,C,26.9,C,29,C,
2021,9,3,32.7,#,26.3,#,29,C,
2021,9,4,33.3,C,26.2,C,29.1,C,
2021,9,5,32.6,C,26.4,C,29.3,C,
2021,9,6,34,C,26.2,C,29.4,C,
2021,9,7,32.6,C,28,C,29.5,C,
2021,9,8,33.8,C,26.3,C,29.7,C,
2021,9,9,34,C,25.4,C,29.6,C,
2021,9,10,33.4,C,27.3,C,30.1,C,
2021,9,11,35.2,C,27.2,C,30.7,C,
2021,9,12,36.2,C,29.4,C,32,C,
2021,9,13,34.7,C,29.3,C,31,C,
2021,9,14,32.4,C,26.9,C,28.7,C,
2021,9,15,34.5,C,26.4,C,30.5,C,
2021,9,16,34.4,C,25.9,C,28.9,C,
2021,9,17,33.4,C,25.9,C,29.4,C,
2021,9,18,33,C,27.7,C,30,C,
2021,9,19,32,C,27.4,C,29.4,C,
2021,9,20,32.4,C,26.2,C,28.4,C,
2021,9,21,33.2,C,26.4,C,28.5,C,
2021,9,22,33.4,C,26.3,C,29.5,C,
2021,9,23,30.4,C,25.6,C,27.5,C,
2021,9,24,32,C,27.1,C,29.6,C,
2021,9,25,31.7,C,27.4,C,29.2,C,
2021,9,26,31.4,C,26.4,C,28.6,C,
2021,9,27,32.8,C,25.9,C,28.8,C,
2021,9,28,33.2,C,26.3,C,29.5,C,
2021,9,29,33.5,C,26.4,C,29.6,C,
2021,9,30,34.5,C,27.1,C,30.2,C,
2021,10,1,32.5,C,27.3,C,29.5,C,
2021,10,2,33.4,C,25.9,C,29.3,C,
2021,10,3,30.2,C,26.5,C,28.4,C,
2021,10,4,32.2,#,27.4,#,29.3,C,
2021,10,5,32.1,#,27.6,#,29.6,C,
2021,10,6,31.8,#,26.5,#,29.3,C,
2021,10,7,31.3,#,25,#,28.9,C,
2021,10,8,27.5,#,24.9,#,25.7,C,
2021,10,9,28.9,C,25.7,C,27,C,
2021,10,10,28.7,C,25.3,C,27.2,C,
2021,10,11,32.5,C,25,C,28.4,C,
2021,10,12,26.7,C,23.3,C,25,C,
2021,10,13,28.6,C,22.3,C,25.7,C,
2021,10,14,31.2,C,26.5,C,28.1,C,
2021,10,15,26.8,C,25.2,C,25.9,C,
2021,10,16,29.4,C,23.7,C,26.3,C,
2021,10,17,25.9,C,21.3,C,23.4,C,
2021,10,18,27.1,C,19.7,C,22.6,C,
2021,10,19,28.2,C,20.9,C,24.5,C,
2021,10,20,29.8,#,24.2,#,26.6,C,
2021,10,21,28.3,C,18.6,C,23.2,C,
2021,10,22,19.2,C,16.6,C,17.9,C,
2021,10,23,21.3,C,16.9,C,19.2,C,
2021,10,24,25.2,#,18.3,#,21,C,
2021,10,25,26.9,C,18.6,C,22.4,C,
2021,10,26,28.3,C,21.2,C,24.6,C,
2021,10,27,28,C,23.4,C,25.2,C,
2021,10,28,27.1,C,23.9,C,25.1,C,
2021,10,29,28.1,C,23.6,C,25.2,C,
2021,10,30,25.1,C,22.8,C,23.8,C,
2021,10,31,26.7,#,22.3,#,23.7,C,
2021,11,1,27.7,C,22.6,C,24.7,C,
2021,11,2,27.1,C,23.6,C,24.6,C,
2021,11,3,27.7,C,23.2,C,24.8,C,
2021,11,4,28.4,C,23.5,C,25.5,C,
2021,11,5,29.2,C,23,C,25.5,C,
2021,11,6,31.2,C,21.8,C,25.8,C,
2021,11,7,28,C,22.7,C,25.1,C,
2021,11,8,24.8,#,17.1,#,19.8,C,
2021,11,9,22.2,C,15.9,C,18.7,C,
2021,11,10,24,C,15.9,C,19.5,C,
2021,11,11,24.6,C,14.9,C,19.3,C,
2021,11,12,25.9,#,17.6,#,21.7,C,
2021,11,13,25,#,18.6,#,21.6,C,
2021,11,14,24.4,#,16.3,#,20.1,C,
2021,11,15,24.4,C,17.3,C,20.3,C,
2021,11,16,26.9,C,18,C,22.4,C,
2021,11,17,25.8,C,20,C,23,C,
2021,11,18,26.1,C,19.3,C,21.8,C,
2021,11,19,25.2,C,18.4,C,21.9,C,
2021,11,20,26,C,21.8,C,23.5,C,
2021,11,21,26.4,C,21,C,23.3,C,
2021,11,22,22,C,15.3,C,18.6,C,
2021,11,23,17.2,C,12.9,C,15,C,
2021,11,24,21.9,C,15,C,17.7,C,
2021,11,25,24.7,C,14.2,C,18.8,C,
2021,11,26,25.6,C,15.4,C,20.3,C,
2021,11,27,24.8,#,16,#,20.4,C,
2021,11,28,25.4,C,16,C,20.4,C,
2021,11,29,26.7,C,15.8,C,20.9,C,
2021,11,30,24.9,C,16.1,C,20.5,C,
2021,12,1,20.2,C,14.1,C,17,C,
2021,12,2,21,C,11.9,C,16.2,C,
2021,12,3,21.7,C,10.8,C,17.1,C,
2021,12,4,21.6,C,13.9,C,17.2,C,
2021,12,5,22.4,C,13.1,C,17.6,C,
2021,12,6,22.8,C,11.1,C,16.4,C,
2021,12,7,23.6,C,12.5,C,18.4,C,
2021,12,8,23.6,#,15.7,#,19.9,C,
2021,12,9,24.3,C,15.7,C,19.6,C,
2021,12,10,24.6,#,15.1,#,19.8,C,
2021,12,11,25.8,#,17.9,#,21.2,C,
2021,12,12,26,C,16.7,C,21.1,C,
2021,12,13,21.6,C,15.2,C,18.3,C,
2021,12,14,24.5,C,16.5,C,20.2,C,
2021,12,15,22.7,C,19.3,C,21.1,C,
2021,12,16,25.9,C,21.1,C,22.9,C,
2021,12,17,23.6,#,17.5,#,21,C,
2021,12,18,20.4,#,15.8,#,17.6,C,
2021,12,19,19.2,#,15,#,17.1,C,
2021,12,20,18.9,C,14.5,C,16.1,C,
2021,12,21,18.5,C,15.4,C,16.5,C,
2021,12,22,21.3,C,16.2,C,18.9,C,
2021,12,23,22.4,C,18.3,C,19.8,C,
2021,12,24,22.9,C,17.7,C,19.6,C,
2021,12,25,21.2,C,16.8,C,18.9,C,
2021,12,26,17.4,C,10.9,C,14.1,C,
2021,12,27,12.5,C,8.5,C,10.7,C,
2021,12,28,17.6,C,11.1,C,14.5,C,
2021,12,29,23.1,C,15.2,C,18.1,C,
2021,12,30,21.8,C,15.1,C,17.7,C,
2021,12,31,20.5,C,16.4,C,17.6,C,
2022,1,1,19.6,C,14.2,C,16.8,C,
2022,1,2,22.8,C,12.9,C,17.4,C,
2022,1,3,21.8,C,15.1,C,17.7,C,
2022,1,4,23.3,C,14.1,C,18.8,C,
2022,1,5,25.2,C,17.7,C,20.4,C,
2022,1,6,23.2,C,15.9,C,19.4,C,
2022,1,7,21.7,C,15.7,C,18.2,C,
2022,1,8,20.2,C,13.6,C,16.8,C,
2022,1,9,21.1,C,14.2,C,17.3,C,
2022,1,10,21.3,C,15.1,C,17.9,C,
2022,1,11,18.3,C,13,C,15.3,C,
2022,1,12,16.8,C,13.4,C,15.3,C,
2022,1,13,18.6,C,14.3,C,16.5,C,
2022,1,14,17.3,C,13.3,C,15.9,C,
2022,1,15,21.3,#,16.6,#,18.1,C,
2022,1,16,21.8,C,16.6,C,18.5,C,
2022,1,17,18.6,C,16.3,C,17.8,C,
2022,1,18,17.8,C,15.1,C,16.6,C,
2022,1,19,20.8,C,13,C,16.2,C,
2022,1,20,20.9,#,12,#,16.5,C,
2022,1,21,20,#,14.6,#,17.4,C,
2022,1,22,18.5,#,17.2,#,17.7,C,
2022,1,23,22.6,#,17.9,#,19.8,C,
2022,1,24,22.3,#,18.9,#,19.9,C,
2022,1,25,19.5,C,16.8,C,18.3,C,
2022,1,26,21.8,C,17.9,C,19.5,C,
2022,1,27,24.1,C,18.7,C,20.5,C,
2022,1,28,19.7,C,18,C,18.8,C,
2022,1,29,21.3,C,16.3,C,18.4,C,
2022,1,30,18.7,C,12.3,C,15,C,
2022,1,31,13.8,C,12.1,C,13,C,
2022,2,1,14.6,C,11.2,C,12.8,C,
2022,2,2,15.4,C,13.2,C,14.5,C,
2022,2,3,13.4,C,10.6,C,12.1,C,
2022,2,4,17.7,C,10.4,C,13.4,C,
2022,2,5,16.8,C,12.1,C,14.2,C,
2022,2,6,18.6,C,13.9,C,15.8,C,
2022,2,7,17.5,C,15,C,16.2,C,
2022,2,8,17.7,C,14.6,C,16.3,C,
2022,2,9,17.4,#,14.3,#,15.9,C,
2022,2,10,17.9,#,15,#,16.6,C,
2022,2,11,22.6,C,16.3,C,18.8,C,
2022,2,12,23.6,C,17.5,C,19.4,C,
2022,2,13,18.8,C,13.7,C,16.9,C,
2022,2,14,22.1,C,13,C,16.6,C,
2022,2,15,21.9,#,15.2,#,17.4,C,
2022,2,16,18.6,C,15.2,C,16.7,C,
2022,2,17,17.1,C,15.2,C,15.7,C,
2022,2,18,16.5,C,15.2,C,15.9,C,
2022,2,19,15.8,C,9,C,11.8,C,
2022,2,20,9.2,C,7.8,C,8.2,C,
2022,2,21,9.5,C,7,C,8.4,C,
2022,2,22,11.3,#,8.4,#,9.8,C,
2022,2,23,16,C,8.7,C,11.7,C,
2022,2,24,16.3,C,9,C,12,C,
2022,2,25,20.6,C,9.7,C,14.5,C,
2022,2,26,23.2,C,11,C,16.3,C,
2022,2,27,22.2,C,11.8,C,16.8,C,
2022,2,28,23.3,#,15.7,#,19.2,C,
2022,3,1,27.9,C,18.5,C,21.9,C,
2022,3,2,26.9,C,17.1,C,20.3,C,
2022,3,3,22.3,#,17.5,#,19.4,C,
2022,3,4,26.9,C,17.1,C,21.4,C,
2022,3,5,27.7,C,17.6,C,21.8,C,
2022,3,6,22.3,C,17.3,C,19.2,C,
2022,3,7,24.1,C,17.1,C,19.9,C,
2022,3,8,20.5,C,13.7,C,16.8,C,
2022,3,9,24,C,12.5,C,18.1,C,
2022,3,10,24.9,C,16,C,20.3,C,
2022,3,11,26.6,C,15.6,C,20.9,C,
2022,3,12,26,C,17.3,C,21.6,C,
2022,3,13,27.7,C,20.2,C,23.3,C,
2022,3,14,30.4,C,19.9,C,24.2,C,
2022,3,15,30,#,19.7,#,23.8,C,
2022,3,16,24.8,#,21.2,#,22.4,C,
2022,3,17,28.7,#,22.3,#,24.7,C,
2022,3,18,29.2,#,21.3,#,24.9,C,
2022,3,19,26.7,C,22,C,23.5,C,
2022,3,20,23,C,20.2,C,21.3,C,
2022,3,21,24.8,C,21.6,C,23,C,
2022,3,22,27.9,C,22.2,C,24.4,C,
2022,3,23,22.6,#,15.6,#,17.2,C,
2022,3,24,18.9,C,15.9,C,17.7,C,
2022,3,25,27,C,18.9,C,23.7,C,
2022,3,26,28.2,C,25.6,C,26.4,C,
2022,3,27,26.2,C,17.9,C,21.7,C,
2022,3,28,17.9,C,15.7,C,17,C,
2022,3,29,20.4,C,17.3,C,19.1,C,
2022,3,30,26.1,C,19.8,C,22.9,C,
2022,3,31,29,C,21.4,C,24.4,C,
2022,4,1,21.8,C,15,C,19,C,
2022,4,2,15.8,C,13.4,C,14.9,C,
2022,4,3,23.1,C,15.1,C,18,C,
2022,4,4,25.2,C,13.8,C,19.2,C,
2022,4,5,27,C,15.4,C,21,C,
2022,4,6,26.4,C,16.6,C,21.4,C,
2022,4,7,27.5,C,18.4,C,22.5,C,
2022,4,8,28.9,C,17.9,C,23.2,C,
2022,4,9,27.5,C,19.5,C,22.8,C,
2022,4,10,28.7,C,18,C,23,C,
2022,4,11,28.8,C,20.5,C,24.4,C,
2022,4,12,29.7,#,20.4,#,24.6,C,
2022,4,13,28,#,22.7,#,25.4,C,
2022,4,14,30.2,#,22,#,25.5,C,
2022,4,15,25.7,C,22.1,C,23.7,C,
2022,4,16,22.7,C,21,C,21.5,C,
2022,4,17,23.5,C,19.2,C,21,C,
2022,4,18,23.2,C,20.3,C,21.4,C,
2022,4,19,20.3,C,18.1,C,19,C,
2022,4,20,25.9,C,19,C,21.4,C,
2022,4,21,27.8,C,21,C,23.7,C,
2022,4,22,28.6,C,23.2,C,25.4,C,
2022,4,23,30.6,C,23.9,C,27,C,
2022,4,24,30.8,C,25.6,C,27.4,C,
2022,4,25,30.2,C,25.8,C,27.9,C,
2022,4,26,31,C,25.8,C,28,C,
2022,4,27,31.8,C,26.2,C,28.7,C,
2022,4,28,31.7,#,26.7,#,28.3,C,
2022,4,29,32.3,C,24.9,C,28,C,
2022,4,30,26.4,C,24.1,C,24.9,C,
2022,5,1,24.3,C,17.2,C,20.1,C,
2022,5,2,20.9,C,16.4,C,18.6,C,
2022,5,3,26.5,C,17.8,C,22.1,C,
2022,5,4,27.9,C,19.8,C,24,C,
2022,5,5,28.5,C,22.1,C,24.8,C,
2022,5,6,28.5,C,22.4,C,25.1,C,
2022,5,7,29.4,#,23,#,25.1,C,
2022,5,8,26.7,C,22,C,24.7,C,
2022,5,9,28.6,C,23.8,C,25.2,C,
2022,5,10,27,#,24.1,#,25.7,C,
2022,5,11,26.7,C,24.6,C,25.5,C,
2022,5,12,26.9,#,24.3,#,25.7,C,
2022,5,13,28.8,C,24.8,C,26.4,C,
2022,5,14,26.4,C,24,C,25,C,
2022,5,15,24.4,C,20.8,C,23,C,
2022,5,16,20.9,C,19.1,C,20.2,C,
2022,5,17,27.1,C,19.8,C,22.5,C,
2022,5,18,27.4,C,19.6,C,23.9,C,
2022,5,19,30,C,22.9,C,25.8,C,
2022,5,20,30.4,C,24.4,C,26.8,C,
2022,5,21,30.3,C,23.3,C,26.5,C,
2022,5,22,26.2,C,24.2,C,25,C,
2022,5,23,25.3,C,23.6,C,24.5,C,
2022,5,24,26,C,24.2,C,25.2,C,
2022,5,25,28.4,C,24.5,C,26,C,
2022,5,26,30,C,25.3,C,27.1,C,
2022,5,27,28.9,C,26,C,27.2,C,
2022,5,28,30.8,C,26.4,C,28.7,C,
2022,5,29,32.6,C,26.5,C,29.1,C,
2022,5,30,31.9,C,26.1,C,28.5,C,
2022,5,31,30.8,C,26,C,27.9,C,
2022,6,1,32.1,C,26.6,C,28.7,C,
2022,6,2,32.3,C,26.8,C,29.4,C,
2022,6,3,30.8,#,27.5,#,29.2,C,
2022,6,4,31.9,#,28.1,#,29.7,C,
2022,6,5,31.5,#,28.6,#,29.6,C,
2022,6,6,31.7,#,26,#,28.7,C,
2022,6,7,30.1,#,24.8,#,27.2,C,
2022,6,8,27.6,#,24.6,#,25.7,C,
2022,6,9,29,#,24.7,#,26.7,C,
2022,6,10,28.4,#,25.2,#,27,C,
2022,6,11,29.7,#,25.4,#,27.2,#,
2022,6,12,***,#,***,#,***,,
2022,6,13,30.7,#,28.6,#,29.4,#,
2022,6,14,29.8,#,28.2,#,28.6,#,
2022,6,15,***,#,***,#,***,,
2022,6,16,30.4,#,26.5,#,28.9,#,
2022,6,17,30.9,C,27.6,C,29,C,
2022,6,18,30.1,C,27.2,C,28.6,C,
2022,6,19,31.2,C,26.8,C,29.3,C,
2022,6,20,30.7,C,27,C,29.1,C,
2022,6,21,31,C,28,C,29.3,C,
2022,6,22,33,C,27.2,C,29.7,C,
2022,6,23,33.3,C,26.7,C,29.9,C,
2022,6,24,33.8,C,26.1,C,30,C,
2022,6,25,33.4,C,27.2,C,29.7,C,
2022,6,26,33.3,C,26.5,C,29.9,C,
2022,6,27,33.5,C,27.2,C,29.9,C,
2022,6,28,33.7,C,26.7,C,30,C,
2022,6,29,33.3,C,27.5,C,29.5,C,
2022,6,30,30.7,C,25.4,C,27.7,C,
2022,7,1,31.4,C,25.2,C,27.7,C,
2022,7,2,28.6,C,25.8,C,27.1,C,
2022,7,3,30.9,C,27.8,C,29.4,C,
2022,7,4,29.9,C,27.4,C,29,C,
2022,7,5,30.6,C,28.3,C,29,C,
2022,7,6,30.5,C,26.5,C,28.5,C,
2022,7,7,31.8,C,26,C,28.4,C,
2022,7,8,32.8,C,27.1,C,29.6,C,
2022,7,9,33.5,C,28.1,C,30,C,
2022,7,10,33.2,C,27.9,C,30.2,C,
2022,7,11,34.5,#,26.6,#,30.3,C,
2022,7,12,33.9,C,26.6,C,30,C,
2022,7,13,34.9,C,26.1,C,30.2,C,
2022,7,14,34.6,C,27,C,30.4,C,
2022,7,15,34,C,27.4,C,30.5,C,
2022,7,16,33.3,C,28.2,C,30.4,C,
2022,7,17,32.8,C,28.4,C,30.5,C,
2022,7,18,33.4,C,28.7,C,30.7,C,
2022,7,19,33.2,C,28,C,30.6,C,
2022,7,20,33.2,C,28,C,30.4,C,
2022,7,21,33.9,C,26.7,C,30.1,C,
2022,7,22,37,C,26.1,C,31.2,C,
2022,7,23,35.9,C,27.9,C,31.8,C,
2022,7,24,36.9,C,28,C,32.3,C,
2022,7,25,36.4,#,29.4,#,32.2,C,
2022,7,26,34.9,C,28.7,C,31.3,C,
2022,7,27,35.4,C,27.4,C,31.1,C,
2022,7,28,37.2,C,28.3,C,31.7,C,
2022,7,29,36.8,C,27.9,C,31.5,C,
2022,7,30,31.8,C,24.6,C,28.5,C,
2022,7,31,34.5,C,26.4,C,30.2,C,
2022,8,1,35,C,27.4,C,31.2,C,
2022,8,2,34.7,C,26.8,C,30.3,C,
2022,8,3,33.2,C,25.7,C,28.1,C,
2022,8,4,29,C,26,C,26.9,C,
2022,8,5,30.9,C,25,C,26.6,C,
2022,8,6,31.7,C,25.8,C,28.4,C,
2022,8,7,33,C,26.9,C,30.2,C,
2022,8,8,31.8,C,26.9,C,28.5,C,
2022,8,9,28.9,C,25.3,C,27,C,
2022,8,10,30.2,C,26.7,C,28.2,C,
2022,8,11,30.5,C,25.7,C,27.4,C,
2022,8,12,27.4,C,25.2,C,26.2,C,
2022,8,13,32.2,C,24.6,C,27.9,C,
2022,8,14,33.1,C,25.2,C,28.7,C,
2022,8,15,33.8,C,25.9,C,29.7,C,
2022,8,16,32.7,C,27.2,C,29.5,C,
2022,8,17,31.6,C,26,C,28,C,
2022,8,18,31.2,C,26.1,C,28,C,
2022,8,19,31.4,C,26.3,C,28.2,C,
2022,8,20,31.1,C,26.4,C,28.5,C,
2022,8,21,32.5,C,27.1,C,29.3,C,
2022,8,22,34,C,26.5,C,30.1,C,
2022,8,23,36.3,C,26.7,C,31.5,C,
2022,8,24,34.8,C,26.2,C,30.7,C,
2022,8,25,30.1,C,24.7,C,27.2,C,
2022,8,26,32.4,C,26.8,C,29.2,C,
2022,8,27,35,C,26.1,C,30.1,C,
2022,8,28,34.9,C,26.8,C,30.2,C,
2022,8,29,32.9,C,28,C,29.6,C,
2022,8,30,33.3,C,26.8,C,29.2,C,
2022,8,31,33.6,C,26.4,C,29.1,C,
2022,9,1,34,C,26.2,C,29,C,
2022,9,2,32.5,C,26.3,C,29.3,C,
2022,9,3,33,C,26.5,C,29.9,C,
2022,9,4,33.5,C,27.1,C,29.9,C,
2022,9,5,34.5,C,26.1,C,29.9,C,
2022,9,6,34,C,25.1,C,29.4,C,
2022,9,7,29.3,C,25.9,C,28,C,
2022,9,8,32.4,C,26.9,C,29.1,C,
2022,9,9,33.7,C,25.2,C,28.9,C,
2022,9,10,31.8,C,25.5,C,28.4,C,
2022,9,11,34.1,C,26.2,C,29.6,C,
2022,9,12,35.4,C,26.1,C,30,C,
2022,9,13,35.8,C,24.6,C,29.8,C,
2022,9,14,35.2,C,25.1,C,29.8,C,
2022,9,15,34.4,C,24,C,29.5,C,
2022,9,16,34.4,C,25.2,C,29.6,C,
2022,9,17,35.1,C,25.3,C,30,C,
2022,9,18,34.5,C,26.1,C,29.8,C,
2022,9,19,33.7,C,25.1,C,28.6,C,
2022,9,20,31.5,C,26,C,28.5,C,
2022,9,21,30.5,C,26.7,C,28.2,C,
2022,9,22,30.7,C,26.1,C,28.1,C,
2022,9,23,32.3,C,24.8,C,28,C,
2022,9,24,30.7,C,26,C,28,C,
2022,9,25,32.3,C,25.7,C,28.2,C,
2022,9,26,33.1,C,25.7,C,28.8,C,
2022,9,27,31.9,C,27.8,C,29.2,C,
2022,9,28,31.5,C,27.6,C,29,C,
2022,9,29,31.4,C,24.8,C,28.3,C,
2022,9,30,28.7,C,25,C,26.7,C,
2022,10,1,30.7,C,25.5,C,28,C,
2022,10,2,31.4,C,27.5,C,28.9,C,
2022,10,3,32.5,C,26.3,C,29,C,
2022,10,4,32.8,C,25,C,28.4,C,
2022,10,5,31.7,C,25.6,C,28.5,C,
2022,10,6,31.4,C,26.9,C,28.6,C,
2022,10,7,31.4,C,24.8,C,28.1,C,
2022,10,8,29.3,C,24.4,C,26.6,C,
2022,10,9,31.3,C,23.3,C,27.1,C,
2022,10,10,26.4,C,21.4,C,23.9,C,
2022,10,11,26.6,C,19.4,C,22.7,C,
2022,10,12,28.1,C,19.5,C,23.5,C,
2022,10,13,29.4,C,20.3,C,25,C,
2022,10,14,30.2,C,23.6,C,26.2,C,
2022,10,15,30.6,C,23.5,C,26.9,C,
2022,10,16,31.2,C,25.4,C,28.5,C,
2022,10,17,29.8,C,26.1,C,27.4,C,
2022,10,18,26.7,C,17.3,C,20.7,C,
2022,10,19,25.3,C,19.2,C,22.8,C,
2022,10,20,26.8,C,22.2,C,24.1,C,
2022,10,21,29.3,C,21.5,C,24.8,C,
2022,10,22,30.5,C,20.5,C,25.9,C,
2022,10,23,29.7,C,23.5,C,25.9,C,
2022,10,24,27.6,C,22.5,C,24.8,C,
2022,10,25,25.8,C,21.3,C,23.5,C,
2022,10,26,27.1,#,21.1,#,23.4,C,
2022,10,27,28.4,C,21.8,C,24.3,C,
2022,10,28,29.4,C,21.4,C,24.9,C,
2022,10,29,29.2,C,22.5,C,25.7,C,
2022,10,30,28.6,#,22.3,#,25.3,C,
2022,10,31,26.9,C,23.6,C,25.5,C,
2022,11,1,25.1,C,19,C,22,C,
2022,11,2,22,C,19,C,20,C,
2022,11,3,23.2,C,21.6,C,22.4,C,
2022,11,4,24.7,C,21.9,C,23,C,
2022,11,5,22,C,19.7,C,20.9,C,
2022,11,6,22.2,C,19.2,C,20.3,C,
2022,11,7,22.8,C,19.7,C,21.1,C,
2022,11,8,24,C,20.9,C,22.3,C,
2022,11,9,27.5,C,21.1,C,23.8,C,
2022,11,10,28.9,C,22.6,C,24.9,C,
2022,11,11,29.2,C,22.1,C,24.9,C,
2022,11,12,27.7,C,21.5,C,24,C,
2022,11,13,28.9,C,20.7,C,24.4,C,
2022,11,14,26.5,C,22.9,C,24.1,C,
2022,11,15,25.7,C,22.3,C,24,C,
2022,11,16,26.3,C,22.3,C,24,C,
2022,11,17,26.5,C,22,C,24,C,
2022,11,18,27.3,C,21.2,C,24,C,
2022,11,19,29.1,C,21.7,C,25,C,
2022,11,20,28.2,C,22,C,24.5,C,
2022,11,21,25.5,C,21.9,C,23.6,C,
2022,11,22,24.2,C,22.6,C,23.6,C,
2022,11,23,24.5,C,22.7,C,23.7,C,
2022,11,24,23,C,21.8,C,22.2,C,
2022,11,25,23.7,C,21.6,C,22.5,C,
2022,11,26,23.9,C,21.6,C,22.8,C,
2022,11,27,24.2,C,22.2,C,23.2,C,
2022,11,28,29.7,C,23.9,C,25.8,C,
2022,11,29,29.8,C,22.2,C,25.2,C,
2022,11,30,25.5,C,17,C,21,C,
2022,12,1,17,C,12.3,C,14.2,C,
2022,12,2,19.1,C,10.8,C,14.7,C,
2022,12,3,21.3,C,14.7,C,18,C,
2022,12,4,23.3,C,18.5,C,20.1,C,
2022,12,5,18.6,C,14,C,16.3,C,
2022,12,6,18.5,C,13,C,15.5,C,
2022,12,7,21.7,#,14.5,#,17.4,C,
2022,12,8,22.9,C,14.9,C,18.3,C,
2022,12,9,23.1,C,15.8,C,18.9,C,
2022,12,10,22.4,C,14.4,C,18,C,
2022,12,11,18.6,C,14,C,16,C,
2022,12,12,18.1,C,14.4,C,15.6,C,
2022,12,13,15.9,C,12.1,C,13.4,C,
2022,12,14,12.9,C,10.9,C,11.8,C,
2022,12,15,15.7,C,12.1,C,14.1,C,
2022,12,16,18,C,14.9,C,16.4,C,
2022,12,17,14.9,C,12.3,C,13.2,C,
2022,12,18,14.6,C,9.2,C,11.9,C,
2022,12,19,17,C,7.7,C,12,C,
2022,12,20,20.1,C,11.3,C,15.9,C,
2022,12,21,20.7,C,12.4,C,16.8,C,
2022,12,22,21.1,C,12.2,C,16.8,C,
2022,12,23,20.6,C,9.9,C,15.6,C,
2022,12,24,20.9,C,9.2,C,14.2,C,
2022,12,25,19.1,C,8.6,C,13.8,C,
2022,12,26,20.7,C,11.2,C,15,C,
2022,12,27,20,C,10.7,C,15.3,C,
2022,12,28,20.9,C,12.7,C,16.9,C,
2022,12,29,19.3,C,13.1,C,15.8,C,
2022,12,30,17.2,C,10.9,C,13.9,C,
2022,12,31,19,C,10,C,14.5,C,
2023,1,1,19,C,13.3,C,15.9,C,
2023,1,2,21.1,C,16.2,C,18,C,
2023,1,3,18.9,C,14.7,C,16.4,C,
2023,1,4,19.7,C,15.1,C,16.7,C,
2023,1,5,23.1,C,16.3,C,18.6,C,
2023,1,6,24.3,C,15.7,C,19.6,C,
2023,1,7,21.8,C,16.8,C,18.6,C,
2023,1,8,19.9,C,15.8,C,18.3,C,
2023,1,9,21.7,C,17,C,18.9,C,
2023,1,10,18.8,#,17.4,#,18,C,
2023,1,11,19.8,C,17.4,C,18.3,C,
2023,1,12,20.4,C,17.9,C,19.2,C,
2023,1,13,23.8,C,19.8,C,21.8,C,
2023,1,14,27.2,C,20,C,23,C,
2023,1,15,20.6,C,12.1,C,17.5,C,
2023,1,16,12.3,C,9.9,C,11.1,C,
2023,1,17,13.9,#,9.3,#,11.8,C,
2023,1,18,18.1,#,9.9,#,13.1,C,
2023,1,19,20.9,C,9,C,14.9,C,
2023,1,20,21.4,C,15,C,17.2,C,
2023,1,21,18.2,C,15.7,C,16.5,C,
2023,1,22,24.2,C,16.7,C,19.1,C,
2023,1,23,24,#,14.9,#,18.8,C,
2023,1,24,18.9,C,11.8,C,14.6,C,
2023,1,25,14.2,C,9.5,C,11.8,C,
2023,1,26,18.3,C,11.7,C,15.3,C,
2023,1,27,17.3,C,12.1,C,15.1,C,
2023,1,28,15.4,C,8.8,C,12.3,C,
2023,1,29,16.6,C,7,C,11.5,C,
2023,1,30,19.9,C,5.8,C,12.6,C,
2023,1,31,21.6,C,10.2,C,15.9,C,
2023,2,1,25,C,17.2,C,20,C,
2023,2,2,21.9,C,15.6,C,18.8,C,
2023,2,3,21.4,C,16.3,C,18.1,C,
2023,2,4,19.3,C,16.6,C,17.5,C,
2023,2,5,19.4,C,16.6,C,18,C,
2023,2,6,21.2,C,17.9,C,19.2,C,
2023,2,7,25.4,C,18.9,C,21,C,
2023,2,8,19.8,C,17.2,C,18.5,C,
2023,2,9,23.4,C,17,C,19.7,C,
2023,2,10,24,C,19.6,C,21.2,C,
2023,2,11,21.8,C,18.1,C,19.2,C,
2023,2,12,22.7,#,19.6,#,21,C,
2023,2,13,26.8,C,21,C,22.9,C,
2023,2,14,22.2,C,15.8,C,17.7,C,
2023,2,15,19.2,C,12.1,C,15.4,C,
2023,2,16,19.5,C,13.7,C,16.2,C,
2023,2,17,24.4,C,14.1,C,18.4,C,
2023,2,18,24.8,C,15.1,C,20,C,
2023,2,19,28.8,C,18.3,C,22.3,C,
2023,2,20,23.4,C,17.4,C,19.6,C,
2023,2,21,20.3,C,15.4,C,17.1,C,
2023,2,22,20.4,C,13.3,C,16.3,C,
2023,2,23,22.7,C,13.4,C,17.7,C,
2023,2,24,25.5,C,14.8,C,20,C,
2023,2,25,19.4,C,13.9,C,16.1,C,
2023,2,26,20.7,C,13.6,C,16.1,C,
2023,2,27,19.9,C,11.9,C,15.7,C,
2023,2,28,22.2,C,13.8,C,17,C,
2023,3,1,26.3,C,12.8,C,18.7,C,
2023,3,2,23.7,C,15,C,18.7,C,
2023,3,3,22.7,C,14.8,C,18.2,C,
2023,3,4,24,C,16.2,C,19.1,C,
2023,3,5,24,C,14.8,C,18.6,C,
2023,3,6,24.1,C,13.6,C,18.6,C,
2023,3,7,24.2,C,12.6,C,18.4,C,
2023,3,8,24.4,C,15.4,C,19.7,C,
2023,3,9,28,C,16.7,C,21.6,C,
2023,3,10,26,C,18.3,C,21.7,C,
2023,3,11,25.5,C,17.3,C,21.3,C,
2023,3,12,26.9,C,17.5,C,22.2,C,
2023,3,13,22.2,C,17.9,C,20,C,
2023,3,14,22,C,16.6,C,18.7,C,
2023,3,15,24.3,#,15.8,#,19.7,C,
2023,3,16,25.9,C,16.6,C,20.9,C,
2023,3,17,26.3,C,19.1,C,21.5,C,
2023,3,18,27.5,C,18.5,C,22.2,C,
2023,3,19,21.7,C,19.7,C,20.4,C,
2023,3,20,25.5,C,20.5,C,22,C,
2023,3,21,25.8,C,22,C,24,C,
2023,3,22,26.8,C,24.6,C,25.4,C,
2023,3,23,27.5,C,24.4,C,25.5,C,
2023,3,24,28.8,C,23.6,C,25.7,C,
2023,3,25,25.6,C,21.4,C,23.4,C,
2023,3,26,22.1,C,19,C,20.4,C,
2023,3,27,19.2,C,17,C,18.2,C,
2023,3,28,20.1,C,16.6,C,18.4,C,
2023,3,29,21.9,C,18.5,C,19.9,C,
2023,3,30,21.7,C,20,C,21,C,
2023,3,31,21.2,C,19.8,C,20.5,C,
2023,4,1,22.5,C,19.6,C,20.5,C,
2023,4,2,22,C,20.9,C,21.5,C,
2023,4,3,21.8,C,20.1,C,21,C,
2023,4,4,26.1,C,21.2,C,24.2,C,
2023,4,5,27.4,C,23.9,C,25.9,C,
2023,4,6,28.5,C,22.4,C,26.1,C,
2023,4,7,24.4,C,19,C,21.6,C,
2023,4,8,21.5,C,19.3,C,20.2,C,
2023,4,9,22.1,C,18.3,C,19.5,C,
2023,4,10,24.2,C,19.6,C,21.5,C,
2023,4,11,27.8,C,22.2,C,24.2,C,
2023,4,12,29.5,C,20.5,C,24.8,C,
2023,4,13,25.3,C,21.6,C,23.3,C,
2023,4,14,28,#,22.6,#,24.8,#,
2023,4,15,31.4,C,23,C,27,C,
2023,4,16,31,C,21.3,C,25.9,C,
2023,4,17,28.3,C,22.2,C,25.4,C,
2023,4,18,29.8,C,24,C,26.8,C,
2023,4,19,28.6,#,23.1,#,26.2,C,
2023,4,20,26.2,C,24,C,24.8,C,
2023,4,21,25.9,C,23.6,C,24.6,C,
2023,4,22,24,C,22.9,C,23.3,C,
2023,4,23,24.1,C,22.9,C,23.3,C,
2023,4,24,25,C,23.1,C,23.8,C,
2023,4,25,23.7,C,20,C,22.3,C,
2023,4,26,24.3,C,18.4,C,21.3,C,
2023,4,27,23.8,#,21.4,#,22.3,#,
2023,4,28,28.9,C,22,C,24.5,C,
2023,4,29,28.9,C,23.3,C,25.3,C,
2023,4,30,26.7,C,21.4,C,24.1,C,
2023,5,1,26.1,C,22.4,C,23.7,C,
2023,5,2,25.9,C,22.3,C,23.9,C,
2023,5,3,29,C,23.4,C,25.4,C,
2023,5,4,31.2,C,25.7,C,27.3,C,
2023,5,5,30.8,C,24.6,C,27.7,C,
2023,5,6,30.9,C,27,C,28.8,C,
2023,5,7,30.6,C,23.4,C,26.5,C,
2023,5,8,24.8,C,21.8,C,22.9,C,
2023,5,9,25.3,C,22.3,C,23.4,C,
2023,5,10,25.2,C,22.7,C,23.5,C,
2023,5,11,25.2,C,21.4,C,23.2,C,
2023,5,12,25.4,C,22.9,C,23.8,C,
2023,5,13,24.2,C,21.9,C,22.8,C,
2023,5,14,23,C,20.5,C,21.7,C,
2023,5,15,28.7,#,22,#,24.6,C,
2023,5,16,28.9,C,21.3,C,25.3,C,
2023,5,17,29.7,C,24.5,C,27.4,C,
2023,5,18,32.1,C,26.4,C,29.3,C,
2023,5,19,32.4,C,26.4,C,29.2,C,
2023,5,20,32.7,C,26.9,C,29.7,C,
2023,5,21,33,C,28.1,C,30.2,C,
2023,5,22,32.6,C,28.3,C,30,C,
2023,5,23,28.9,C,24.5,C,26.5,C,
2023,5,24,28.1,C,23.4,C,25,C,
2023,5,25,27.1,C,24.9,C,26.2,C,
2023,5,26,30.8,C,26.7,C,27.8,C,
2023,5,27,31.6,C,26.8,C,28.5,C,
2023,5,28,32.5,C,24.7,C,28.4,C,
2023,5,29,34.2,C,23.7,C,28.8,C,
2023,5,30,36.6,C,26.1,C,31.3,C,
2023,5,31,35.7,C,26.6,C,30.1,C,
2023,6,1,33.6,C,24.8,C,29.1,C,
2023,6,2,35.7,C,27.8,C,31.1,C,
2023,6,3,34.5,C,27.5,C,30.7,C,
2023,6,4,32.5,C,28.3,C,30.1,C,
2023,6,5,32,C,28,C,29.4,C,
2023,6,6,30.5,C,25.9,C,28,C,
2023,6,7,31.8,C,26.8,C,28.4,C,
2023,6,8,33,C,27.4,C,29.2,C,
2023,6,9,32.6,C,26.7,C,28.8,C,
2023,6,10,33.7,C,26.5,C,28.9,C,
2023,6,11,32.5,C,26.2,C,28.8,C,
2023,6,12,33,C,28,C,29.9,C,
2023,6,13,32.8,C,26.7,C,29.4,C,
2023,6,14,30.6,C,25.5,C,28.1,C,
2023,6,15,29,C,26,C,27.4,C,
2023,6,16,29.4,C,25.5,C,27.1,C,
2023,6,17,29.1,C,25,C,26.2,C,
2023,6,18,30.2,C,25.8,C,27.9,C,
2023,6,19,32.9,C,26.8,C,29.5,C,
2023,6,20,32.8,C,27,C,30,C,
2023,6,21,33,C,29,C,30.5,C,
2023,6,22,32.9,C,29.1,C,30.7,C,
2023,6,23,31.7,C,27.9,C,29.9,C,
2023,6,24,30.6,C,26.8,C,28.6,C,
2023,6,25,32.7,C,26,C,29.1,C,
2023,6,26,33.2,C,26.4,C,29.4,C,
2023,6,27,33.3,C,27.4,C,29.5,C,
2023,6,28,30.1,#,27,#,28.2,C,
2023,6,29,33.2,C,26.5,C,29.3,C,
2023,6,30,32.6,C,27.4,C,30,C,
2023,7,1,30.9,C,26.4,C,28.5,C,
2023,7,2,30.7,C,26.3,C,27.3,C,
2023,7,3,32.4,C,26.5,C,28.8,C,
2023,7,4,32.3,C,26.3,C,28.4,C,
2023,7,5,32.8,C,27.3,C,30,C,
2023,7,6,32.7,C,27.9,C,30.1,C,
2023,7,7,32.8,C,28.7,C,30.4,C,
2023,7,8,33,C,28.5,C,30.5,C,
2023,7,9,33.4,C,28.7,C,30.6,C,
2023,7,10,33.7,C,28.8,C,30.7,C,
2023,7,11,34.1,C,28.2,C,30.9,C,
2023,7,12,34,C,27.8,C,30.5,C,
2023,7,13,33.9,C,25.9,C,30.1,C,
2023,7,14,35.4,C,27.4,C,31.3,C,
2023,7,15,36.3,#,26.3,#,31.1,C,
2023,7,16,32.6,C,25.7,C,29,C,
2023,7,17,29.8,C,26.9,C,29,C,
2023,7,18,30.9,C,27.7,C,29.4,C,
2023,7,19,30.5,C,27.6,C,29,C,
2023,7,20,33.1,#,26.6,#,29.8,C,
2023,7,21,32.7,C,26,C,29.3,C,
2023,7,22,33.7,C,26.5,C,29.7,C,
2023,7,23,33.9,C,26.7,C,29.6,C,
2023,7,24,33.6,C,26.9,C,29.7,C,
2023,7,25,34.5,C,25.8,C,30.3,C,
2023,7,26,37,C,27.5,C,32.1,C,
2023,7,27,36.7,C,28,C,32.2,C,
2023,7,28,36,C,27.6,C,31.5,C,
2023,7,29,31.2,C,26.2,C,29,C,
2023,7,30,32.3,C,27.3,C,28.7,C,
2023,7,31,32.6,C,27.1,C,29,C,
2023,8,1,32.8,C,26.5,C,29.2,C,
2023,8,2,33.9,C,26.1,C,29.6,C,
2023,8,3,35,C,25.8,C,30.4,C,
2023,8,4,33.9,C,28,C,30.6,C,
2023,8,5,33,C,27.9,C,30.4,C,
2023,8,6,32.9,C,27.5,C,30.3,C,
2023,8,7,33,C,28,C,30,C,
2023,8,8,33.4,C,26.9,C,30.2,C,
2023,8,9,34.3,C,27.9,C,30.7,C,
2023,8,10,32.3,C,27.3,C,29.3,C,
2023,8,11,30.8,C,26.4,C,28.2,C,
2023,8,12,32.3,C,26,C,28.8,C,
2023,8,13,30.7,C,26.5,C,28.4,C,
2023,8,14,32.2,C,27.1,C,29.5,C,
2023,8,15,33.3,C,28.9,C,30.3,C,
2023,8,16,34.3,C,28.8,C,31,C,
2023,8,17,34.3,C,28.7,C,30.2,C,
2023,8,18,31.8,C,25.8,C,29.2,C,
2023,8,19,31.4,C,26.1,C,28.7,C,
2023,8,20,32.1,C,26.9,C,28.9,C,
2023,8,21,33,C,26.4,C,28.9,C,
2023,8,22,33.1,C,26.7,C,29.5,C,
2023,8,23,34,C,27.4,C,30.1,C,
2023,8,24,31.8,C,26.6,C,28.6,C,
2023,8,25,32.1,C,26.2,C,28.4,C,
2023,8,26,33.1,C,26.4,C,28.9,C,
2023,8,27,32.5,C,26.6,C,29.2,C,
2023,8,28,33.2,C,27.1,C,29.6,C,
2023,8,29,31.7,#,26.8,#,28.3,C,
2023,8,30,32.5,#,26.1,#,28.9,C,
2023,8,31,32,#,27.3,#,29.1,C,
2023,9,1,28.5,C,25.4,C,26.8,C,
2023,9,2,28.1,C,26.5,C,27.2,C,
2023,9,3,33.5,C,27.4,C,29.7,C,
2023,9,4,34.7,C,27.5,C,31,C,
2023,9,5,31.5,#,27.3,#,29,C,
2023,9,6,32,#,27.4,#,29.2,C,
2023,9,7,29.1,C,26.8,C,27.9,C,
2023,9,8,28,C,25.9,C,26.9,C,
2023,9,9,27.7,C,26.1,C,26.8,C,
2023,9,10,27.7,C,25.9,C,26.7,C,
2023,9,11,27.9,C,26.5,C,27.1,C,
2023,9,12,30.7,C,26.1,C,27.4,C,
2023,9,13,30.3,C,26.8,C,28,C,
2023,9,14,29.5,C,26.2,C,27.5,C,
2023,9,15,31.4,C,25,C,27.4,C,
2023,9,16,29.2,C,26,C,27.4,C,
2023,9,17,31.8,C,26.4,C,28.2,C,
2023,9,18,33.5,C,26.3,C,29.1,C,
2023,9,19,33.4,C,25.7,C,28.5,C,
2023,9,20,33.5,C,25.5,C,29.1,C,
2023,9,21,34.5,C,25.5,C,29.8,C,
2023,9,22,33.8,C,26.5,C,29.5,C,
2023,9,23,32.7,C,26.4,C,29.3,C,
2023,9,24,32.1,C,28.2,C,29.6,C,
2023,9,25,32.6,C,28,C,29.7,C,
2023,9,26,32.4,C,28.1,C,29.6,C,
2023,9,27,33.3,#,28.1,#,29.8,C,
2023,9,28,33.1,C,28.4,C,30,C,
2023,9,29,32.5,C,27.4,C,29.5,C,
2023,9,30,34.5,C,26.4,C,29.5,C,
2023,10,1,33.2,C,26.5,C,29,C,
2023,10,2,31.8,C,27.4,C,29,C,
2023,10,3,32.8,C,26.8,C,29.4,C,
2023,10,4,34.5,C,26.7,C,30.5,C,
2023,10,5,33.5,C,28.1,C,30.1,C,
2023,10,6,30.8,C,24.7,C,27.5,C,
2023,10,7,26.7,C,22.9,C,24.5,C,
2023,10,8,25.3,C,22,C,23.6,C,
2023,10,9,25.5,C,23.5,C,24.3,C,
2023,10,10,27,C,23.6,C,25,C,
2023,10,11,28.3,C,23.1,C,25.2,C,
2023,10,12,28.8,C,22.8,C,25.6,C,
2023,10,13,29.9,#,24.7,#,26.7,C,
2023,10,14,30.2,C,22.9,C,26.3,C,
2023,10,15,29.6,C,23.7,C,26.2,C,
2023,10,16,28.8,C,24.8,C,26.3,C,
2023,10,17,27.4,C,22.7,C,25.7,C,
2023,10,18,26.1,C,22.9,C,24.8,C,
2023,10,19,26.4,C,25.2,C,25.9,C,
2023,10,20,27.3,#,23.9,#,25.5,#,
2023,10,21,23.9,C,20.9,C,22,C,
2023,10,22,26.7,C,21.1,C,23.5,C,
2023,10,23,28.7,C,23.3,C,25.5,C,
2023,10,24,30.4,C,24,C,26.4,C,
2023,10,25,29.5,C,24.1,C,26.1,C,
2023,10,26,28.9,C,23,C,25.6,C,
2023,10,27,29.7,C,23.2,C,26.1,C,
2023,10,28,27.8,C,25,C,25.7,C,
2023,10,29,27.6,#,24.5,#,25.4,C,
2023,10,30,29.3,C,24.3,C,26,C,
2023,10,31,28.7,C,23,C,25.4,C,
2023,11,1,29.1,C,21.6,C,25.1,C,
2023,11,2,28.1,C,23.4,C,25.1,C,
2023,11,3,29.3,C,22.2,C,25.3,C,
2023,11,4,29.2,C,22.7,C,25.4,C,
2023,11,5,30.1,C,23,C,25.9,C,
2023,11,6,30.9,C,23,C,26.9,C,
2023,11,7,26.7,C,23.9,C,25.4,C,
2023,11,8,25.9,C,24.3,C,24.9,C,
2023,11,9,26.6,C,24.6,C,25.4,C,
2023,11,10,29.6,#,25.2,#,26.7,C,
2023,11,11,26.2,C,24.6,C,25.2,C,
2023,11,12,25.8,C,20.9,C,23.5,C,
2023,11,13,24.4,C,18.9,C,21,C,
2023,11,14,23.8,C,17.3,C,19.9,C,
2023,11,15,25.8,C,19.2,C,22.1,C,
2023,11,16,23.3,C,16.4,C,20.6,C,
2023,11,17,22,C,14.8,C,18.7,C,
2023,11,18,22.7,C,13.7,C,17.9,C,
2023,11,19,23.6,C,13.1,C,18.4,C,
2023,11,20,24.7,C,14.7,C,19.3,C,
2023,11,21,25.4,C,16.6,C,20.3,C,
2023,11,22,26.2,C,16.6,C,20.7,C,
2023,11,23,27.5,#,16.6,#,21.5,C,
2023,11,24,25.6,C,18,C,22.1,C,
2023,11,25,25,C,17.6,C,21.7,C,
2023,11,26,25.9,C,17.3,C,21,C,
2023,11,27,27.2,C,15.9,C,21.1,C,
2023,11,28,25.8,C,17.8,C,22.2,C,
2023,11,29,24.2,C,20.8,C,22.7,C,
2023,11,30,25.9,C,20.1,C,23.2,C,
2023,12,1,23,C,18.7,C,20.8,C,
2023,12,2,22.3,C,17.3,C,19.4,C,
2023,12,3,23.4,C,19.3,C,21.1,C,
2023,12,4,25.9,C,19.8,C,21.9,C,
2023,12,5,25,C,18.7,C,21.1,C,
2023,12,6,22.9,C,17.7,C,20.7,C,
2023,12,7,25.3,C,14.3,C,19,C,
2023,12,8,25,C,14,C,19.8,C,
2023,12,9,25.1,C,20.2,C,22.6,C,
2023,12,10,27.2,C,21.3,C,23.8,C,
2023,12,11,29.4,C,21.4,C,24.2,C,
2023,12,12,28.6,C,20.5,C,24.4,C,
2023,12,13,22.9,C,21.3,C,22.1,C,
2023,12,14,25.3,C,21.4,C,23.2,C,
2023,12,15,28.4,C,22.4,C,24.6,C,
2023,12,16,24.3,C,11.8,C,17.8,C,
2023,12,17,14,C,9.7,C,12,C,
2023,12,18,18.4,C,14,C,16.6,C,
2023,12,19,17.7,C,12.4,C,15.3,C,
2023,12,20,16,C,8.6,C,12.1,C,
2023,12,21,11.9,C,8.2,C,10,C,
2023,12,22,12.1,C,7.2,C,9.7,C,
2023,12,23,12.7,C,7,C,10.1,C,
2023,12,24,17.7,C,8,C,12.6,C,
2023,12,25,18.6,C,9.4,C,13,C,
2023,12,26,20.7,C,9.1,C,15.3,C,
2023,12,27,21.8,C,14.7,C,17.9,C,
2023,12,28,24.7,C,16.7,C,19.7,C,
2023,12,29,21.6,C,16,C,18.9,C,
2023,12,30,25.8,C,15.1,C,20.4,C,
2023,12,31,28,C,17,C,22,C,
